8.1549,14.487,78.859,17.874,21.367,44.229,11.898,12.165,26.003,17.217,26.368,8.8767,17.769,24.29,27.832,27.034,21,14.568,11.661,17.81,18.253,27.262,19.088,94.862,12.435,11.723,2.9695,16.835,20.358,15.847
32.317,25.329,95.403,25.228,58.358,37.193,20.518,23.96,42.391,25.951,30.562,25,18.257,32.85,51.535,23.3,51.142,54.469,34.495,51.434,42.043,60.844,60.267,180.65,15.397,27.825,12.82,23.449,44.023,17.368
23.911,32.504,56.613,18.171,200.38,41.939,29.845,17.505,55.43,34.37,31.744,27.7,22.947,145.07,63.869,28.341,32.493,72.655,68.866,85.781,57.512,85.783,118.58,92.568,25.388,26.951,9.5071,70.765,41.527,27.851
24.532,30.849,53.5,13.897,132.51,82.909,44.355,23.031,60.847,32.082,32.851,19.635,28.111,59.411,64.449,23.191,17.693,69,47.988,37.33,75.593,58.995,64.421,88.411,30.288,31.985,7.2422,42.783,53.234,24.26
43.14,29.768,84.735,23.685,130.49,64.593,29.114,31.057,44.711,29.89,33.916,32.184,18.116,94.811,63.529,45.663,55.006,63.819,56.054,81.476,61.452,63.206,71.362,91.216,25.39,40.573,5.2326,31.75,50.361,26.081
47.176,25.285,94.739,36.362,53.328,50.682,20.897,27.003,39.614,22.391,45.57,37.137,16.267,52.302,49.788,51.504,94.56,65.197,30.511,63.313,66.89,52.093,56.007,121.17,15.836,25.994,4.093,23.848,47.166,23.574
58.403,18.062,55.003,20.046,47.167,26.471,15.227,25.278,26.698,21.466,22.328,28.179,9.475,29.403,32.153,33.305,78.329,23.732,27.081,43.431,38.125,48.019,49.288,36.646,15.483,35.86,3.5948,14.939,41.788,14.485
22.3,21.481,43.482,19.711,24.588,21.539,22.584,13.955,24.006,16.68,22.047,15.424,10.718,31.267,18.066,11.424,28.623,14.379,16.929,22.198,31.569,25.89,48.939,29.252,15.19,11.172,1.5932,23.228,20.971,10.514
14.613,12.908,31.673,22.432,12.133,18.086,18.369,8.8944,19.3,12.979,20.202,8.7942,11.531,15.769,18.071,10.996,13.314,8.25,10.098,14.777,22.545,16.167,25.642,27.892,11.296,9.4483,3.0248,10.532,15.59,16.069
23.782,9.5928,39.414,15.413,16.384,18.446,18.189,12.783,14.809,9.7987,12.665,12.798,10.57,34.152,16.741,16.647,20.567,20.729,26.095,24.731,18.963,25.071,26.966,37.844,6.2833,15.913,5.2248,16.426,15.356,8.2345
35.475,11.71,19.089,11.284,76.814,10.572,12.416,38.431,11.688,8.3611,12.74,20.786,9.5,30.314,31.52,8,20.645,24.973,30.473,23.235,37.683,44.056,33.778,15.803,6.1096,17.267,6.3583,8.7078,23.693,4.9558
8.7833,13.184,10.291,7.4854,14.689,12.874,8.9225,10.235,7.4571,6.5455,11.976,6.3182,8.3083,10.707,9.1356,4.0558,5.2346,11.711,4.8396,7.4524,20.173,16.536,10.392,11.402,3.588,6.978,2.9417,23.408,11.977,4.7319
6.7644,4.4568,9.1077,8.2811,5.751,11.369,4.9726,6.5428,4.9426,3.5656,14.657,9.4481,6.1897,17.498,7.4483,3.0876,5.6704,8.8235,6.9109,5.947,14.654,7.025,11.059,6.3946,3.8498,2.54,1.8151,4.806,6.1989,4.5278
5.538,3.8772,12.729,5.6034,6.1708,13.96,6.1146,5.2315,4.551,6.7557,6.8689,6.7675,3.1833,5.5316,10.783,10.233,4.8041,5.6838,14.791,4.2491,12.551,9.7965,9.4792,8.8146,3.2193,2.9337,2.1416,7.1361,12.385,3.4574
8.0585,4.4632,13.219,4.2237,12.282,9.9507,4.8648,10.922,4.6416,4.5012,7.3684,10.455,4.095,30.288,14.117,11.647,10.434,5.7891,14.98,9.8428,25.912,15.021,16.179,16.471,4.304,13.24,6.8103,2.3737,15.295,2.3551
10.4,9.4768,24.987,8.1085,10.085,13.595,10.064,7.5412,10.518,6.6109,10.876,7.5967,9.913,16.807,11.266,9.6531,18.143,11.704,11.519,22.277,16.819,15.5,14.608,20.23,5.8527,10.23,3.7479,7.8768,12.545,8.7552
10.627,8.5519,23.994,6.7366,5.3755,11.155,6.0708,7.2419,10.516,10.808,10.923,7.0576,9.3373,17.754,11.611,6.0899,8.763,6.6224,7.803,6.206,18.344,15.535,13.428,14.982,7.1718,8.2157,4.6063,5.6798,12.598,9.3429
6.4701,5.9109,33.768,5.3571,6.1956,11.91,5.9463,5.9077,8.671,7.3194,7.8021,6.5816,4.6875,13.49,10.707,10.709,10.615,14.847,10.027,10.17,20.096,18.109,11.227,90.082,4.6184,4.4919,3.2991,5.8153,9.8903,1.6055
4.8082,7.0107,11.607,4.6931,6.6506,6.043,4.6253,4.2007,4.3701,6.8175,6.9121,7.2417,1.9822,7.9926,7.0069,4.4636,11.718,3.3305,4.3481,6.6179,13.044,10.267,8.9371,11.326,8.8775,2.6,2.2797,6.7297,5.6074,5.4538
7.0177,7.9373,16.207,5.8274,6.8833,8.6584,8.175,4.1993,9.4891,5.7104,11.133,5.905,3.2638,8.9175,7.8958,7.0902,10.765,5.3538,7.5025,8.4167,11.452,7.5356,9.2632,12.95,4.5414,2.9259,6.0424,6.8976,10.266,4.234
8.5872,7.5426,20.726,5.6855,32.067,10.634,9.5081,6.7143,7.4697,7.9206,7.5287,8.7433,7.4254,37.056,14.857,10.771,11.14,9.1902,19.947,25.639,10.226,42.165,48.128,21.091,21.733,23.573,6.3214,4.9891,9.7891,5.24
8.0819,9.4,31.178,9.0013,42.264,14.017,6.8298,7.7156,9.043,6.5452,6.8284,8.3761,5.2469,22.795,11.417,10.183,23.741,19.029,14.636,25.172,20.222,23.83,32.985,22.53,9.2103,15.082,6.0603,10.534,10.887,1.8175
9.8381,10.325,19.447,10.562,17.829,19.317,12.102,8.6024,13.594,10.535,15.981,9.2542,5.4766,27.728,16.469,11.355,12.428,7,12.961,11.524,16.846,16.113,20.257,17.491,14.884,8.7772,2.0932,13.576,12.264,5.8958
12.631,7.7525,40.312,11.637,10.369,14.282,7.0878,13.44,13.051,8.232,43.244,9.4025,9.9644,21.49,15.874,22.402,17.305,7.5764,14.33,11.038,11.417,16.916,24.89,25.589,5.6923,9.1759,2.1732,10.289,8.2743,3.3931
8.3388,4.1417,17.68,5.7596,23.552,9.709,5.5798,6.3435,5.9032,6.9472,11.666,6,8.3221,13.539,14.084,10.219,11.538,6.6043,16.912,12.765,11.489,22.822,13.655,26.638,5.8578,3.36,4.2735,3.7325,6.9363,2.9286
9.4302,8.8483,28.015,5.8351,12.768,14.889,8.6541,9.8401,11.684,8.6667,6.6214,5.2125,5.7384,13.356,13.131,15.29,19.192,7.18,18.151,17.095,12.625,11.485,10.901,36.124,6.6466,9.933,4.188,12.716,11.081,4.0889
8.088,7.7718,21.288,9.3107,9.4453,26.598,9.4404,6.198,13.272,7.7005,10.942,7.0798,8.6089,23.163,9.2215,20.57,16.016,6.8772,9.0151,10.553,9.9683,8.5593,13.226,14.967,8.0962,8.6294,1.9744,10.289,7.6802,7.0845
34.339,5.5258,20.255,8.3583,6.4027,14.006,7.9455,4.7304,6.6358,5.1823,57.733,5.1168,5.7881,9.2688,9.4475,10.106,13.82,2.1275,5.2416,10.511,11.116,7.4104,20.455,7.378,3.1648,5.1724,4.3964,22.057,7.281,5.6124
152.2,23.153,16.48,8.9887,20.097,12.426,17.825,10.192,12.545,10.812,22.193,12.804,13.818,16.986,24.176,14.335,24.263,10.486,20.654,14.969,31.744,15.066,31.348,12.621,15.77,24.144,3.8707,25.277,27.48,13.073
75.875,17.881,37.19,12.155,20.251,24.73,13.065,11.97,27.576,14.182,11.82,25.022,9.7354,16.701,25.397,44.249,35.918,10.677,19.779,23.595,23.866,20.325,17.31,14.589,21.045,19.859,1.6134,17.312,20.274,5.9014
26.006,13.237,20.234,8.313,4.3985,32.21,10.84,7.1599,16.911,12.233,11.342,10.6,8.7259,12.748,12.266,13.513,20.883,4.3531,6.0746,8.2361,14.486,10.369,12.7,20.164,16.5,13.724,12.811,15.192,14.709,7.0897
10.229,7.3968,40.343,11.997,5.473,23.384,7.8858,8.6332,7.7143,9.8799,9.3271,10.725,4.6161,10.446,11.622,12.344,23.26,6.8883,10.035,5.8598,11.117,11.519,9.6754,22.495,11.434,4.984,7.3051,8.5779,11.307,1.9
12.558,13.229,20.57,16.73,12.024,14.526,32.532,5.3206,18.829,9.2343,24.528,4.6192,6.3407,10.937,10.438,4.6766,7.5389,4.97,6.1486,5.1659,18.65,10.683,11.703,10.065,7.8458,5.7427,2.3729,16.376,8.805,8.3937
17.874,16.637,23.027,18.05,102.82,25.278,14.907,7.3275,16.904,12.757,22.501,16.632,12.808,89.892,24.454,10.68,17.757,22.562,47.888,87,23.893,13.055,23.48,19.977,13.721,14.615,2.1111,12.808,30.618,9.2569
13.191,9.4148,16.773,12.994,12.889,24.972,8.1328,10.415,15.036,9.9555,19.395,6.3883,8,25.705,11.676,7.7673,9.4833,7.4661,11.689,11.895,9.8608,9.3364,8.0236,13.965,10.189,5.4171,16.784,8.847,12.765,4.6231
19.312,12.656,58.638,15.761,35.496,24.468,9.5318,13.597,17.328,11.35,18.932,7.5498,7.2975,39.842,22.536,14.073,37.532,46.037,21.392,26.037,26.286,16.181,37.99,26.99,13.692,12.628,6.4914,13.619,19.252,10.725
13.414,24.54,31.968,64.976,13.333,30.288,41.78,12.719,37.231,17.438,35.454,8.2863,11.769,22.291,16.443,13.007,17.962,14.89,10.803,10.618,21.394,17.262,27.346,17.52,15.37,9.298,12.37,26.399,19.863,23.713
10.53,21.58,20.412,28.759,11.383,20.85,38.86,7.3713,21.458,12.975,16.726,12.69,12.831,15.621,14.092,8.9744,13.93,8.6497,7.6716,8.5316,13.46,12.033,13.039,16.563,7.5414,6.51,10.394,22.644,15.436,27.029
7.0409,13.342,26.5,14.355,11.215,14.208,37.058,4.2644,15.039,12.507,8.5401,7.2199,15.514,8.3906,16.05,7.6702,7.6218,5.163,7.8716,4.4724,9.3968,11.67,8.9167,38.307,8.2664,5.1417,8.479,12.288,11.261,27.337
9.0493,23.148,16.005,17.681,21.906,22.96,52.838,5.277,22.366,14.185,12.365,6.4938,21.332,16.402,9.3733,7.761,10.852,9.552,50.253,10.405,14.048,14.647,18.688,16.795,13.602,10.18,9.0168,18.151,11.655,36.075
13.833,16.982,20.059,21.753,7.4319,19.96,27.776,9.7129,12.756,14.916,36.013,7.9372,11.957,11.107,9.6886,12.596,10.045,7.9964,15.861,12.993,16.175,10.662,16.327,11.973,8.6962,7.4213,11.966,13.6,7.6364,14.252
14.792,14.239,10.207,12.538,6.1745,10.583,12.717,15.47,7.5,11.092,10.164,5.3059,12.447,8.1649,13.048,10.757,8.4575,2.4981,4.0484,6.25,10.558,15.804,7.9306,10.679,5.1174,6.7297,4.027,18.856,6.697,7.2879
67.73,7.6655,11.469,12.311,9.9319,8.8019,17.629,24.474,10.405,6.0675,14.678,13.953,12.054,10.617,22.543,7.2263,17.702,6.0954,10.412,9.8434,16.309,16.995,16.868,16.841,3.4504,5.657,10.466,9.774,38.118,7.4
21.555,14.026,21.562,9.2841,68.322,13.666,32.14,83.909,14.611,12.469,10.627,14.304,12.375,77.888,19.401,10.874,22.664,43.324,53.4,50.121,21.023,78.091,162,20.205,10.797,124.86,6.252,16.085,18.561,16.173
21.924,16.821,21.871,17.536,32.29,21.56,22.9,53.095,17.303,13.304,22.407,21.625,13.624,45.664,27.743,12.648,27.496,24.424,31.104,49.913,28.419,33.164,58.168,24.026,8.5896,21.546,11.879,17.319,27.266,13.095
14.593,13.651,21.923,9.9937,56.658,16.017,12.856,19.322,11.13,10.65,14.026,13.889,10.883,45.429,19.774,17.734,19.79,12.006,27.853,32.946,36.976,21.104,58.91,14.682,5.8438,20.475,7.5372,12.605,13.84,8.2241
6.0403,10.054,19.584,7.4088,27.809,13.897,10.782,8.6993,11.811,6.2576,11.362,6.5779,7.9388,27.573,8.586,7.9548,13.141,15.226,11.303,12.123,12.253,11.786,16.733,10.3,5.6437,9.4,6.252,9.555,6.2857,3.7868
13.765,14.626,58.034,7.418,11.829,15.041,12.438,8.0826,12.547,10.682,13.128,5.0617,10.888,19.979,11.281,24.214,18.451,10.003,7.9286,14.987,7.7961,12.066,13.212,53.281,9.3854,8.0612,14.667,13,7.6579,14.839
11.441,11.619,26.062,10.234,16.872,25.785,14.354,6.6123,12.529,10.189,16.881,9.2447,8.3504,18.032,16.051,9.8388,14.808,26.637,19.886,37.544,13.574,15.554,24.908,19.068,6.1978,15.705,4.8087,10.718,12.63,11.701
10.193,8.335,9.178,5.8941,8.9963,10.837,10.91,9.3653,10.747,6.7271,11.208,4.8912,7.8659,22.01,9.7413,5.3697,7.9222,12.233,14.785,16.006,16.168,13.35,8.9739,11.103,5.7055,8.4901,1.9748,9.9756,9.5625,7.8357
14.554,11.431,46.213,15.522,8.9164,14.686,8.5413,7.997,12.743,9.6689,24.647,6.1959,5.5736,16.988,10.278,35.046,34.135,15.336,14.432,17.161,12.793,14.393,17.727,36.791,5.6176,9.8689,2.2439,16.802,13.12,9.1156
27.014,19.59,38.104,13.637,64.496,54.715,12.554,30.323,21.147,17.865,28.696,26.586,7.109,61.575,55.038,41.219,31.993,42.63,77.945,83.37,35.576,43.134,37.255,44.134,13.105,27.801,4.6947,20.643,47.142,16.952
7.777,15.818,16.009,6.1406,22.937,15.543,10.923,11.777,11.079,9.2356,14.667,8.8916,9.2188,19.252,23.625,13.119,5.3193,13.472,15.342,11.859,22.968,18.692,21.298,13.989,8.3432,13.636,9.5041,9.5123,16.376,8.4786
10.37,17.496,12.313,6.9444,7.7889,14.375,9.5678,10.791,12.642,10.354,19.073,10.625,9.1587,14.961,21.003,9.3705,10.591,7.2941,10.927,5.3636,7.7437,15.719,13.635,13.22,6.9386,9.2056,6.8443,12.156,19.321,6.5468
6.6926,8.0709,8.8961,7.2371,9.5331,12.127,7.4592,4.6985,5.8047,6.1106,15.266,5.5061,7.9094,9.5894,9.0062,8.169,7.6863,6.8742,5.0977,7.262,10.124,7.7309,11.34,7.3207,6.317,4.9265,2.4098,7.799,11.056,6.3586
6.5808,6.9779,7.6966,5.9571,4.6377,11.888,9.6226,3.7538,7.4404,5.9748,10,4.1695,2.8142,8.241,9.4618,6.1934,6.8062,5.9085,5.4762,4.3506,8.6985,12.15,10.275,8.7787,4.208,11.995,4.1739,7.2985,10.974,8.1838
8.787,9.9683,12.205,10.871,18.544,11.703,31.112,6.6486,13.082,7.6027,14.21,6.0042,7.8115,19.091,18.633,17.141,6.0936,11.114,23.401,8.7315,15.905,12.922,17.327,17.201,5.2042,14.847,7.4958,11.1,12.544,12.55
8.307,17.592,17.82,8.7201,18.273,15.63,45.739,9.9194,22.056,10.262,11.598,9.4431,11.491,18.66,17.568,9.8035,9.637,10.933,8.375,12.645,17.652,18.821,23.531,13.369,9.9536,5.0821,10.282,24.502,14.891,14.049
7.4781,44.73,14.933,7.4815,26.123,18.277,53.504,11.283,64.989,18.36,15.843,9.2955,15.44,13.271,11.534,11.721,13.861,12.807,10.673,5.6422,19.375,23.968,19.544,15.966,13.333,6.5146,10.857,46.749,9.1031,22.278
6.7744,21.826,38.331,27.283,11.122,42.232,31.292,6.5771,20.975,25.987,14.88,8.1452,10.865,19.336,20.254,9.5829,13.617,12.287,19.89,5.0326,16.042,20.728,28.279,24.728,13.38,14.008,9.0738,21.206,7.4656,12.681
12.023,21.215,28.123,43.269,12.261,27.092,22.726,12.836,15.658,17.995,30.591,7.8356,10.518,21.456,16.283,13.157,18.785,8.597,8.8689,12.526,14.368,18.569,30.633,16.855,14.888,13.577,17.529,18.176,11.486,10.379
18.461,10.074,24.993,31.899,10.692,15.407,11.804,9.6846,5.7053,6.1912,21.093,7.0661,8.7955,16.896,15.228,16.452,15.61,6.9551,16.087,13.368,7.0638,29.214,48.4,12.829,8.4839,59.261,9.8678,6.9858,15.267,15.979
10.478,6.1233,13.551,11.027,7.4944,12.236,14.22,7.2646,8.1401,5.5056,31.478,6.034,5.3529,10.766,16.489,8.7256,5.6361,4.0662,10.684,9.6053,7.0152,12.063,22.685,9.2222,7.7559,8.4362,8.5,7.25,10.246,4.6232
10.009,7.7047,41.874,10.332,9.0669,14.202,10.297,7.4636,7.9049,7.4128,15.832,5.4515,7.1269,15.775,14.747,9.9375,19.003,9.529,6.0282,10.576,11.626,13.704,30.971,26.146,8.3581,12.961,5.2605,7.1214,10.722,11.938
23.46,9.858,11.126,10.946,9.509,7.6535,8.6717,18.174,5.7558,5.9575,10.29,24.705,5.8848,15.161,16.232,7.9356,8.2913,8.4486,10.226,9.2643,37.113,15.24,15.912,16.346,9.4459,7.8578,14.46,6.4906,17.949,5.7152
13.697,10.41,11.081,8.4217,11.097,18.123,8.5347,15.031,6.5795,7.6434,10.555,6.0205,4.8801,10.772,9.156,7.8374,12.834,10.969,12.314,11.248,24.46,14.089,17.282,10.179,5.2364,7.8019,9.2519,5.5143,8.2525,6.2566
7.9839,7.4296,22.671,10.441,10.185,13.18,7.0368,7.9583,10.927,6.2561,11.444,5.3016,6.6345,7.7954,16.95,7.7745,11.812,4.0965,7.6437,4.4874,11.748,10.532,19.082,16.7,7.3713,6.9137,7.44,5.8152,12.142,5.0391
7.0994,7.4342,11.916,12.567,7.2473,8.7471,6.4279,8.9867,7.2304,7.3273,17.69,5.7028,7.2038,9.9696,7.7015,5.261,6.2465,4.1185,8.0891,5.6679,7.8571,8.4413,11.45,14.896,4.8925,4.9415,4.5079,8.532,16.734,10.31
5.7198,8.4394,7.8079,8.631,7.7814,8.7087,8.2468,3.9969,6.6675,6.1172,8.4143,4.435,5.7401,6.5444,7.9099,4.2423,6.4887,10.604,7.7273,5.508,4.0186,8.2226,12.103,10.146,5.2684,5.9163,6.5081,4.1528,8.1179,4.1962
5.1044,5.6155,7.0353,6.5065,3.6364,12.826,5.8265,4.5281,10.792,8.8359,5.9379,5.4076,4.2751,3.6377,7.4141,4.1434,4.4628,2.4159,4.8598,3.9936,3.9122,7.1027,5.9471,10.687,5.096,4.5571,4.6404,8.0433,6.6794,4.4762
13.155,11.424,57.384,12.327,11.073,14.703,15.801,12.892,14.726,11.592,12.721,7.6824,11.018,12.09,14.013,11.467,38.78,10.266,16.565,12.433,13.421,23.96,29.553,16.694,9.0871,18.856,4.8033,11.817,12.912,6.1842
11.947,9.1177,15.467,7.8773,15.789,10.031,8.2654,12.052,10.774,10.825,13.71,7.7247,10.819,29.271,10.212,10.042,17.552,18.364,29.73,42.202,15.715,18.41,25.523,19.901,4.0607,10.939,1.7638,7.7512,12.358,5.5472
7.9926,10.796,10.249,6.7145,10.857,11.908,14.502,7.8165,11.262,11.018,12.072,5.2286,13.246,18.907,8.6257,6.411,7.6025,5.4321,13.883,9.6699,7.757,15.004,10.272,12.709,4.4038,5.8647,7.9632,10.588,12.262,5.2125
7.4347,6.2917,10.749,29.802,4.8268,12.971,5.4141,7.4642,11.883,7.7118,13.83,5.1032,10.136,10.453,12.031,8.4346,5.1392,5.206,9.2948,10.868,9.7212,13.086,14.088,13.107,6.5926,2.8705,10.376,5.1237,9.292,7.4275
17.784,9.0163,12.097,15.436,7.3431,10.909,7.975,11.461,8.2828,8.2433,21.896,8.7287,7.5263,9.5567,12.693,13.574,8.0979,2.9091,9.5271,12.259,14.505,19.851,19.188,16.513,5.6547,8.4947,9.1024,5.1912,14.048,3.2293
24.003,11.752,14.307,9.1952,10.014,30.927,18.691,25.353,15.97,12.411,13.783,13.025,13.417,15.643,25.465,20.761,15.217,14.346,39.85,11.073,23.095,25.992,36.697,21.941,17.619,60.667,3.952,14.553,46.576,9.327
11.74,11.282,9.5574,6.9396,5.2694,45.57,11.333,10.116,21.997,18.91,8.7431,8.1261,10.419,6.0206,15.45,10.733,6.2492,5.6709,15.645,6.5161,15.029,16.492,11.267,18.421,9.099,5.9372,3.3761,12.5,10.483,8.8658
11.579,7.2795,10.322,6.1494,16.023,9.9797,6.5459,7.7927,13.608,10.008,7.7123,7.7553,5.8592,11.332,14.909,6.9236,9.1191,7.6164,11.784,7.8323,10.048,16.877,15.262,15.753,4.5275,15.539,3.5484,11.746,10.462,6.2323
9.5684,8.1248,11.11,5.8975,7.2366,10.3,7.1316,7.994,10.535,12.883,7.4621,8.9476,7.7778,17.125,10.773,10.191,7.9117,5.5754,11.618,17.14,14.953,14.068,8.4068,12.607,4.3067,5.8744,5.6484,11.21,15.601,7.9813
8.0412,9.2311,10.234,5.806,4.7653,11.751,10.023,5.6484,12.613,11.097,6.4545,3.9553,3.4224,7.9572,7.9048,8.7766,8.1509,4.2693,8.0498,7.7675,10.69,9.3902,4.8876,10.647,4.0543,4.7536,4.1103,12.419,8.2233,7.5438
7.2766,15.407,7.6281,8.8183,5.6245,14.249,5.856,11.267,14.066,10.138,9.3408,10.722,6.2915,6.5172,10.39,9.4255,4.9235,4.5152,8.7514,6.4472,21.774,13.5,7.6863,16.973,4.2556,4.4786,10.432,7.7112,6.9469,4.7634
8.9735,12.382,10.546,10.759,3.1164,11.655,9.0223,9.7386,14.265,10.671,17.141,11.585,4.7358,10.984,11.979,2.8102,7.2921,8.5464,5.1961,4.5876,15.627,8.7177,10.272,9.7586,5.3431,7.0106,1.9213,9.7184,14.766,9.6879
9.469,9.6154,7.612,8.0819,2.8773,12.479,7.9696,4.6074,10.557,9.3159,8.8767,6.2846,6.5235,8.9294,8.9429,8.2055,6.7157,2.8255,7.7738,12.127,8.5888,10.763,13.25,10.276,5.5847,3.8937,4.816,8.5,14.698,6.8868
8.8039,7.1614,7.5703,6.4735,7.3506,7.9888,12.385,6.4465,9.3773,9.3662,7.1925,5.4118,8.3934,10.82,11.857,15.083,10.65,10.124,7.8744,5.5981,18.962,16.446,25.942,20.957,3.2046,21.845,3.9828,7.2986,8.6066,7.6554
8.4797,14.912,8.6344,6.6757,7.4052,11.251,33.71,5.2256,12.77,11.238,7.1198,3.8692,8.146,16.093,9.3799,5.2699,7.0481,9.0137,8.8233,19.013,6.4764,7.8192,20.247,11.64,6.829,9.0396,1.96,14.796,5.3175,10.903
9.8088,13.764,12.103,8.975,4.8094,11.208,10.529,8.0398,11.817,10.531,11.472,4.4332,8.3584,10.626,8.2196,9.7698,6.9777,8.7108,5.4036,5.8924,6.7477,13.038,15.905,15.628,7.8946,6.5072,11.406,9.3165,9.3971,7.5625
15.197,8.4638,10.556,17.442,14.923,11.547,7.4477,7.2371,11.948,9.7381,20.746,5.6789,7.5791,17.618,17.57,8.5051,12.833,11.627,19.072,10.208,10.798,15.068,13.646,11.426,6.5847,9.5539,6.2889,16.033,12.934,4.1813
26.275,15.642,16.626,11.907,23.725,12.889,30.183,25.736,20.955,16.033,19.308,55.717,8.52,17.293,71.05,13.714,21.378,15.099,34.727,21.332,50.56,38.237,15.13,37.876,6.476,19.73,8.4032,18.262,79.462,8.6489
10.881,10.98,10.771,7.9935,27.64,14.423,14.002,14.311,16.296,10.357,9.4814,10.36,7.6766,38.333,23.395,8.4743,14.888,20.343,35.368,27.092,38.731,28.48,26.906,17.819,15.685,14.814,3.36,10.716,16.005,18.139
9.525,13.04,11.432,9.7664,20.206,11.253,48.746,11.265,17.41,14.618,12.95,6.6367,12.903,20.759,10.277,14.543,6.7386,18.598,14.472,22.683,12.056,14.977,20.483,12.075,8.2032,14.652,5.9435,16.084,7.8199,12.871
5.9716,13.741,10.233,4.9817,10.741,13.85,44.692,3.6615,16.021,14.088,6.8322,5.1754,8.6218,7.0353,7.1121,8.8462,4.7013,7.5696,8.7217,2.8719,10.38,8.7643,10.059,9.247,7.811,4.5355,3.1949,17.398,6.2488,12.243
5.9644,10.307,9.0312,7.051,4.2342,13.829,11.967,9.9572,12.518,13.341,10.257,3.9957,3.841,6.1623,6.1139,7.1739,5.0482,3.7547,7.7091,4.3262,2.6059,5.6269,8.8802,8.7381,6.46,4.8404,3.3852,11.738,6.0725,6.7857
12.551,15.481,46.687,37.569,5.1649,29.764,11.092,16.556,15.688,17.317,18.598,8.5105,9.1806,16.013,13.03,31.08,13.321,7.0367,17.82,13.52,10.738,13.345,14.398,24.08,9.5,10.823,4.352,23.519,11.403,10.694
13.053,15.969,22.593,15.669,13.504,15.677,19.511,14.182,15.717,14.224,14.371,6.1381,9.549,25.085,13.632,17.975,22.887,9.4352,9.565,14.112,13.926,14.73,16.314,21.72,9.2208,11.187,2.2612,17.31,15.764,5.5864
6.2018,8.5682,5.9274,6.1304,6.3052,10.843,4.8686,7.2656,10.006,12.032,8.2672,8.308,8.832,7.9129,10.016,8.4826,10.704,3.4979,4.8222,7.599,6.6402,7.2639,7.3767,10.555,4.2881,3.2628,7.6829,6.9724,7.181,5.7717
12.923,8.2003,7.9693,43.651,7.1055,12.537,6.4556,11.189,14.623,8.9486,28.469,4.6835,9.719,9.9254,8.1957,6.1643,5.8456,4.9966,10.335,8.2701,9.5867,9.1155,8.6788,12.303,3.4866,8.4324,16.024,13.401,7.2927,5.9317
37.954,9.1479,14.699,17.179,8.9457,11.353,10.064,26.235,14.496,10.209,14.986,13.332,6.8715,38.697,21.084,7.4276,15.742,6.908,16.676,18.988,21.179,14.912,23.222,15.7,8.2071,10.649,2.935,5.8732,22.741,7.6211
8.9925,7.8909,10.877,5.1645,12.015,6.1355,6.057,8.6718,8.9016,8.9799,9.8936,12.088,4.9039,18.438,16.613,4.4811,9.2843,9.0157,9.1127,9.8031,24.849,12.785,17.729,13.727,3.3448,10.591,2.0256,5.4977,20.057,2.6107
5.8438,6.492,7.32,3.9087,3.777,6.5717,13.092,6.4485,8.1778,5.6009,7.7627,4.7304,5.0938,30.862,8.7974,5.7881,7.3942,5.6791,4.7488,4.1529,15.901,7.881,6.6686,12.226,3.99,3.8164,4.7355,5.5261,15.089,3.5385
6.5563,10.337,5.9606,6.3197,8.0252,8.9097,11.192,8.145,10.694,10.249,6.6774,3.6639,6.8328,25.94,9.8576,5.2908,4.529,6.8852,4.7409,6.7872,9.9949,14.395,9.4765,9.8931,9.6796,6.3798,5.881,14.858,8.2371,7.5031
7.6844,10.264,6.5433,4.0128,7.5161,9.9123,16.461,7.3708,9.3882,14.004,6.2315,5.1548,12.459,14.758,8.4856,6,3.8489,6.25,6.9,5.2324,13.104,9.9483,14.988,9.6178,5.0684,7.7321,5.1053,9.6284,8.9847,6.3374
5.9842,6.3246,9.9097,4.8092,4.6047,9.5625,5.7906,5.9885,8.0806,8.4897,5.5064,3.3824,4.8175,7.3849,7.1788,5.3514,2.9144,6.1694,9.7953,3.3465,11.519,8.0512,6.0411,9.3021,2.5774,3.2029,2.8525,7.5318,5.2184,2.8
6.1889,11.417,20.041,11.771,9.8577,32.415,8.7506,7.7175,13.741,11.566,12.69,7.2311,6.1607,9.4602,9.7044,7.0242,4.1488,9.3933,7.4378,12.607,9.3918,13.028,10.994,21.771,7.2267,6.6596,6.144,17.615,6.1786,7.3875
15.323,10.731,32.224,16.387,8.9784,19.165,20.217,6.2291,12.511,12.631,32.118,5.7353,8.5278,34.319,9.3312,9.0762,13.395,10.342,8.3163,6.69,12.031,10.246,15.315,16.912,8.1136,4.2802,2.6311,13.188,9.0969,10.375
16.957,16.128,15.107,7.6837,62.843,13.098,13.722,17.388,14.529,11.58,16.216,16.917,7.9181,55.355,43.627,13.274,16.862,38.942,23.047,36.693,40.257,39.929,29.912,24.621,8.8962,28.437,5.2348,8.933,30.651,11.953
11.393,9.6832,11.621,5.5456,12.019,10.559,6.1795,12.12,10.101,8.9802,8.0808,9.2565,8.7028,25.163,19.208,12.547,10.375,17.093,9.0698,22.744,16.257,17.45,15.606,16.337,6.7741,11.507,3.1,7.7656,15.34,3.9618
7.3684,9.9594,8.0629,7.5193,8.3453,9.5539,8.6981,10.988,8.8145,11.769,9.1741,5.6387,6.782,25.359,11.773,5.4869,7.5146,5.5552,7.9045,9.4515,16.571,9.9853,8.2651,15.175,5.9221,6.4882,1.5242,9.5318,8.6447,4.4198
13.463,5.3442,9.398,4.6167,5.1147,8.9152,4.6626,8.9052,5.915,9.8344,8.0423,8.113,5.4862,9.131,11.09,6.2214,10.321,6.2584,5.977,5.2031,13.412,15.022,14.431,11.954,4.059,3.2356,1.6316,5.088,15.613,5.8137
6.5583,4.1842,6.4918,4.3206,3.2685,5.2882,3.6214,10.172,4.9309,6.3482,4.215,9.9831,5.371,18.402,9.2538,5.9845,4.7771,7.1486,6.8166,3.4897,22.128,8.0047,5.3542,6.9585,3.6256,5.7,1.1311,2.0765,4.7586,6.7561
6.484,4.6756,6.0538,12.015,6.2022,6.1979,6.4152,7.7124,6.8855,6.3379,6.8395,4.322,3.68,9.5641,4.9778,5.1918,2.6765,4.8926,5.3163,5.5805,11.434,6.96,5.35,7.1603,2.2171,4.442,4.5806,2.6535,7.8557,2.9679
5.2567,7.1743,6.5756,11.012,4.4928,6.8262,7.5666,4.6391,8.3766,8.5326,9.6056,3.9409,4.5417,6.1491,4.8949,5.0559,4.5323,5.4622,4.2903,8.0517,6.5076,7.0662,6.0059,13.137,5.4129,4.4789,7.6016,9.8037,6.3283,2.7125
5.4237,5.8505,5.7632,4.3486,5.4618,7.0347,7.0639,5.2112,6.8099,5.6009,5.4895,2.4061,2.2679,8.3746,8.0557,3.3643,4.4267,4.0062,5.2864,5.0805,5.5053,8.0926,9.4182,7.2385,9.3483,3.3062,4.069,4.7,3.375,8.56
5.4654,7.2544,5.8456,3.7389,12.477,10.346,7.4104,9.7301,7.9158,5.8813,5.4608,5.8391,4.9021,14.99,8.3604,9.6811,6.2186,7.9815,7.6432,9.2301,8.4792,9.3978,10.339,13.019,5.4667,6.5507,3.2353,9.7238,7.7927,5.6497
6.6339,10.922,9.1354,11.401,6.7276,9.1172,19.652,10.036,13.644,12.35,6.3529,6.0549,8.4863,24.922,6.8423,8.2157,4.4742,4.7139,6.8136,11.168,8.797,12.173,11.882,15.169,7.8155,6.7,0.792,11.854,8.1071,10.537
7.6143,11.142,7.4938,6.324,8.4,8.8079,17.579,15.272,14.617,13.033,6.0714,4.7657,4.8699,14.821,10.022,6.5621,6.516,6.5228,9.8447,9.2722,10.395,15.629,20.03,11.019,4.6355,9.4615,0.93985,13.718,6.899,7.7469
4.1646,8.5204,7.4279,4.1622,11.911,11.213,9.5747,9.832,12.589,9.8329,5.426,5.458,5.0794,17.605,8.3393,9.6318,5.7158,6.2397,6.4337,7.6935,9.9844,9.1944,11.958,12.403,5.2458,6.6812,5.9426,7.4046,6.1469,2.4206
14.882,13.555,24.802,18.916,10.551,18.461,25.016,13.458,16.773,15.603,14.234,5.2092,6.1139,20.213,10.072,21.955,12.214,8.0867,18.24,8.5674,8.9795,15.051,15.06,42.9,9.538,8.0275,6.5242,16.636,10.811,14.025
13.364,10.287,30.564,12.6,5.0507,15.651,10.92,11.646,18.639,14.661,14.601,7.5234,7.9758,14.343,10.936,15.791,12.665,6.4532,6.1613,10.408,13.35,20.153,10.811,24.312,14.971,8.2632,4.1157,11.023,9.6061,9.2937
11.459,8.4715,56.869,8.9074,11.498,14.211,8.6615,12.096,11.188,7.8548,12.543,10.863,6.8415,27.712,44.485,12.146,8.3478,13.242,13.211,26.53,13.916,16.037,29.1,22.907,5.9107,10.804,5.886,7.2749,16.905,5.2313
18.038,40.183,15.942,11.562,21.129,20.636,19.449,17.044,52.345,25.982,11.373,16.778,14.486,33.059,57.481,8.2541,14.364,21.827,31.614,32.619,33.343,35.223,41.268,31.412,20.285,27.258,4.9916,50.429,21.566,13.296
11.798,13.665,16.353,8.378,25.363,12.672,9.8354,11.322,13.956,12.503,9.7291,15.214,4.6701,29.714,25.51,7.3663,12.854,22.784,10.716,36.761,29.379,17.126,20.182,25.061,7.289,12.738,10.408,14.849,17.771,6.4161
8.9954,10.025,12.203,6.9031,13.129,12.642,10.283,9.5623,15.267,5.625,8.554,13.699,5.4814,11.213,20.346,5.6046,7.1576,6.9009,7.9404,11.013,29.205,18.723,14.812,13.391,5.0326,7.6048,3.2556,8.6743,55.274,2.4329
4.2931,7.298,8.1307,8.6735,9.2778,5.3547,9.9135,4.8425,7.7337,6.8909,8.385,23.5,3.2077,5.7172,13.804,3.5426,5.544,5.6494,5.0171,1.1522,19.965,10.621,8.6294,10.351,3.359,2.8074,3.2623,7.7529,15.308,3.1339
9.0871,10.215,9.8216,5.9211,9.989,8.9052,10.647,9.7929,9.9551,8.425,6.2172,9.7076,7.4448,7.4062,8.3074,3.8201,4.2098,6.2526,11.67,10.077,11.928,7.3622,7.1747,8.7552,4.5336,3.6848,3.4516,9.0683,5.984,5.5287
6.1673,7.8115,12.011,7.4681,6.2527,5.8246,7.9087,4.8549,8.2296,7.1162,7.0244,5.4534,6.256,27.422,9.2862,8.459,5.5823,6.5455,4.6544,3.4562,9.625,7.1213,7.5774,11.584,3.835,9.8524,3.5455,9.9091,5.7135,3.589
5.5959,5.432,9.3949,5.5796,5.1758,7.289,7.0952,5.6852,7.4515,8.2275,5.4702,5.2775,3.1058,18.213,8.5282,5.7517,7.0031,4.1962,4.875,4.7524,5.2831,8.4576,10.565,9.6423,6.1345,6.0048,2.8376,6.0896,5.4919,1.6516
6.0912,7.1962,13.581,5.3752,8.6052,11.146,7.9894,5.1319,8.2228,8.5837,6.2874,5.3043,3.4644,7.0482,6.7641,5.9286,12.918,6.5938,5.9954,3.5912,7.6168,10.165,17.343,12.081,13.817,7.9324,3.1967,4.8815,9.6452,3.3019
9.8645,21.462,13.841,84.802,14.535,23.163,27.637,12.819,19.621,19.576,20.528,15.091,11.277,39.134,14.793,26.327,15.485,16.022,13.888,32.512,32.963,16.491,28.623,33.249,12.867,14.222,3.9127,23.885,11.676,17.389
15.83,12.384,34.315,25.996,8.1709,18.834,20.977,20.877,13.855,14.716,36.434,12.787,10.983,39.521,12.561,8.4412,13.426,14.799,14.196,29.82,15.006,16.96,15.781,23.529,12.341,17.54,6.1791,16.683,17.967,13.446
5.4093,12.105,11.981,9.6933,17.543,13.875,7.8684,26.103,11.455,11.203,23.423,6.3509,4.1939,18.455,9.6401,2.9529,6.4681,7.2398,4.9306,14.485,9.0641,9.3175,13.496,9.2565,7.3153,12.829,1.9194,6.4556,10.623,4.1667
6.6803,14.305,36.231,9.3727,8.2509,32.36,12.175,10.997,13.321,13.745,15.342,9.2913,10.197,9.8014,7.781,7.6198,8.7097,7.512,9.09,10.971,6.929,13.873,15.903,60.629,7.6963,7.7238,2.368,15.044,7.5444,11.576
14.613,15.477,44.303,51.587,8.6036,37.239,11.951,15.869,22.556,17.589,25.035,8.6261,8.6258,13.403,10.938,23.827,65.548,12.11,10.595,13.602,10.292,16.61,27.813,37.938,7.5248,13.716,2.748,12.894,12.048,7.5663
11.734,16.643,86.67,24.057,24.863,27.695,21.027,21.495,19.27,16.606,35.265,10.172,13.075,28.996,19.152,13.146,34.317,15.375,22.019,14.926,11.503,32.777,36.538,114.41,8.6167,25.465,2.0342,17.529,17.398,14.476
20.205,12.58,22.81,10.854,10.784,16.573,11.792,16.969,19.367,14.474,23.814,7.8106,7.4817,22.511,15.873,5.46,15.405,9.9221,9.4791,10.4,11.575,29.814,39.305,26.24,5.2162,21.024,2.5492,10.63,15.232,11.298
17.796,14.398,32.955,12.408,20.416,16.955,11.384,26.438,17.521,13.582,19.032,54.313,9.6818,46.268,47.59,10.328,17.421,14.889,17.459,33.444,49.897,38.249,43.953,28.61,9.5921,23.244,2.5397,12.188,33.173,6.5818
16.107,11.798,25.291,13.932,37.678,15.424,11.205,18.133,17.926,14.024,14.688,31.035,7.039,55.091,29.679,9.7961,12.141,23.903,38.186,56.796,32.126,26.226,25.519,27.58,9.0532,24.522,4.0593,14.53,27.724,7.7289
7.2381,15.384,10.619,7.0354,10.656,11.242,11.132,9.8814,13.169,11.256,7.7007,5.5746,5.281,12.023,9.3375,3.3259,12.476,4.654,10.069,8.9679,8.561,13.131,20.346,16.04,5.2165,7.6759,4.744,9.3256,6.7546,4.7008
12.862,11.947,11.154,8.6933,8.7985,8.6608,18.382,8.3367,14.759,9.594,8.9348,5.5565,8.6712,21.989,11.673,3.7986,5.6535,8.1313,5.901,8.122,13.17,9.0751,8.7593,12.639,4.896,8.5054,4.52,12.9,8.3989,9.3711
7.169,12.021,14.022,8.6717,7.1744,10.464,21.79,8.3765,14.951,10.037,7.8971,3.2771,8.8296,5.7293,8.1935,24.795,7.0734,9.1824,6.4352,11.831,4.4094,13.694,9.6,21.313,7.8158,9.2254,4.8254,12.136,7.2513,11.721
6.2,11.687,18.866,6.7792,5.7545,27.529,15.643,7.1204,14.282,12.007,6.9713,2.0221,6.9049,9.4641,7.1056,6.682,6.5789,7.1346,8.7581,5.9281,7.3494,9.8339,11.376,41.707,5.3069,3.5952,4.6942,11.854,3.2228,5.4713
7.1536,12.65,17.723,7.1947,8.0607,56.485,15.985,6.5807,19.749,18.926,8.8387,3.5771,13.152,7.9431,13.161,6.6262,11.761,7.9667,7.9406,5.1957,11.429,16.653,14.506,26.848,10.444,9.6209,5.5565,14.805,9.5598,8.6522
11.115,16.279,23.504,11.117,49.197,44.164,23.883,19.083,23.143,27.336,14.216,14.922,11.236,39.271,28.859,10.893,14.622,27.285,42.033,40.284,18.476,34.841,23.255,30.662,11.868,19.541,4.6378,18.055,15.533,11.593
8.2549,13.229,16.266,10.349,25.61,17.929,22.445,14.482,13.543,14.975,10.616,6.2511,10.093,41.627,16.673,6.8208,10.77,12.969,10.064,40.963,22.305,12.804,11.588,24.909,8.6898,14.17,3.3456,12.217,10.649,14.214
5.3063,7.9198,6.3037,6.9435,10.06,6.9576,9.423,6.2749,4.6297,7.0748,8.7537,2.7281,3.5963,15.816,5.123,4.3365,4.3822,6.0779,6.3699,9.4317,10.195,6.8209,11.681,7.7989,3.3659,3.1111,10.806,3.9565,8.5321,3.2951
4.9113,4.6636,6.6584,31.188,6.5483,9.3447,3.7305,3.9355,4.561,5.4057,4.9796,2.6636,4.1623,3.8738,5.9028,1.8643,4.8168,5.504,4.5515,7.0612,2.947,8.5571,6.237,10.146,3.9906,2.3488,8.4961,2.8855,17.669,3.748
16.64,11.306,18.812,8.5492,7.6738,10.103,7.7754,10.141,9.3995,9.3821,26.501,6.0262,4.6926,6.7456,22.95,6.8768,5.571,5.8609,5.6667,8.255,5.0947,15.558,15.073,18.498,5.3507,6.4767,7.84,11.505,17.142,1.6957
16.847,12.569,31.515,14.339,16.596,16.44,13.392,21.229,17.211,12.96,67.772,16.333,5.7605,22.204,22.463,10.795,14.943,19.034,28.181,23.105,14.922,36.18,45.424,42.837,6.6117,43.843,2.8182,13.758,26.261,8.7233
12.606,8.0376,26.026,9.3065,14.607,13.101,12.286,10.99,10.37,9.5044,21.764,8.9646,4.7692,20.99,13.036,9.118,11.684,29.237,20.412,19.202,16.273,28.1,35.815,21.463,5.2174,18.419,2.688,8.6143,23.16,7.8696
9.4283,5.484,16.91,6.7516,9.2796,10.89,12.619,41.805,7.0587,9.2659,12.27,7.4589,5.9034,9.9554,8.2987,4.1419,12.106,10.282,9.3853,7.8896,17.023,13.985,13.728,9.8195,6.8098,13.818,2.2656,5.9091,13.634,3.897
12.397,8.9238,15.38,8.913,7.6312,18.285,12.451,13.442,8.742,12.099,27.657,10.387,9.3333,8.0257,10.531,6.3734,10.695,8.0329,10.631,9.32,9.1124,11.238,16.148,14.863,8.3125,8.6465,6.3657,9.1416,9.1803,8.5482
11.178,7.1737,8.5732,4.6222,8.4015,7.633,9.401,8.4524,7.1337,5.9013,15.542,7.3612,4.2737,4.7064,10.567,6.1802,2.199,4.4286,7.7029,4.7861,5.3879,9.1065,9.1752,10.188,3.8627,5.7877,4.9767,4.9235,12.733,6.3359
8.6963,8.5918,20.42,10.793,4.8478,11.018,13.24,7.05,7.5721,9.1895,13.126,3.9241,8.1909,8.935,6.7087,21.014,7.0638,5.8278,6.5477,6.4437,5.3158,10.771,7.9877,14.632,7.588,3.8548,7.3511,6.6298,10.804,3.6087
8.3838,10.61,27.758,6.8991,6.5429,9.8284,15.176,7.5844,11.108,9.4124,12.285,6.9027,6.5187,8.5732,5.471,7.487,7.9224,10.468,12.137,9.5525,7.345,11.109,15.077,19.398,7.8534,8.2,3.6794,11.44,6.4457,5.7349
7.4675,11.493,10.062,8.046,20.962,12.774,10.229,8.8581,10.759,10.964,8.0614,5.4886,5.3651,23.473,8.3987,6.5578,12.706,10.681,6.6905,20.983,5.1667,13.667,15.637,15.742,2.9044,6.5437,10.111,5.9052,8.8539,5.1447
5.4499,9.0835,20.925,6.9278,5.9278,13.168,13.035,6.3681,11.94,10.594,8.2539,3.5475,3.9625,10.204,7.9833,5.3726,8.1641,8.823,6.1542,4.0127,3.8606,7.7537,22.942,14.76,6.1833,7.5619,2.4109,10.88,4.905,3.6728
15.511,14.025,13.36,6.2979,6.899,15.815,10.812,8.1753,13.904,14.042,12.47,7.292,6.7709,25.259,10.453,8.7912,4.9514,12.097,12.477,16.466,11.97,12.985,8.7853,16.378,6.4688,8.8308,3.3233,16.811,14.844,5.1006
18.648,13.023,17.898,12.702,4.6154,20.813,12.369,8.8544,13.549,13.656,17.952,10.991,7.3877,21.806,13,13.93,9.7431,7.8997,9.2523,5.4159,10.006,10.276,14.994,10.731,5.4486,7.5572,3.5745,14.661,8.1538,10.719
9.0999,9.0427,11.313,10.489,5.3424,9.6989,8.2857,7.1967,10.14,10.26,8.1749,5.5291,7.1987,10.157,7.2136,11.029,6.0718,5.1833,9.1552,3.171,5.4785,9.0372,10.862,11.487,6.1511,5.9496,5.8702,7.7318,5.3602,7.969
10.526,19.812,18.787,24.378,14.44,40.395,13.96,26.548,24.672,19.264,12.697,24.384,9.8673,16.704,20.139,12.8,7.8543,10.538,9.6162,16.921,40.092,26.78,21.372,21.53,10.603,15.172,4.2256,15.027,11.726,14.873
11.269,16.655,21.446,62.243,14.327,18.314,13.845,15.924,26.975,22.303,76.075,16.747,11.571,26.351,25.453,8.3876,14.453,12.414,17.096,32.684,24.629,20.073,23.729,23.077,13.223,9.7487,4.3731,23.268,20.754,11.217
27.033,14.089,27.647,11.549,12.857,15.246,13.985,22.719,26.675,19.518,29.778,23.333,10.796,27.666,34.205,7.2088,14.854,25.3,27.472,31.316,22.452,20.139,28.547,31.81,6.6406,17.232,2.7132,15.46,26.585,7.4819
20.341,14.714,24.737,14.823,25.613,19.24,15.608,32.661,19.805,20.103,18.628,15.931,8.2174,32.142,35.064,13.309,23.405,23.639,40.975,27.825,32.933,55.853,70.5,31.886,10.065,38.575,2.4848,12.825,27.229,8.8274
10.994,18.973,22.896,49.328,11.502,18.723,31.612,22.845,24.198,21.419,22.795,18.799,15.934,32.007,41.793,14.334,14.809,14.682,38.66,42.856,21.209,37.44,30.545,26.918,9.1718,28.861,5.0226,23.345,20.018,16.882
19.826,15.707,27.311,22.039,38.303,17.453,16.184,33.327,20.529,21.678,25.5,35.377,13.026,69.272,42.016,14.39,24.547,26.076,45.597,60.269,37.663,45.208,38.542,28.675,7.0365,45.961,12.44,13.838,30.731,10.349
9.9015,15.917,16.479,12.11,11.969,32.289,13.688,14.49,16.853,19.483,13.256,6.5759,15.175,32.299,36.276,61.754,10.114,11.106,20.81,13.407,24.138,12.709,22.032,20.146,7.5719,14.669,5.9147,16.325,14.028,10.93
13.562,17.777,28.778,13.112,11.741,12.98,22.204,7.2635,15.221,16.847,11.417,6.7566,8.8977,24.434,10.569,12.11,10.339,7.0623,9.7475,8.2536,9.8735,11.981,9.8742,11.541,8.6894,14.777,6.1985,14.516,8.5714,13.037
9.3229,18.036,14.731,14.518,8.6048,14.643,20.564,11.505,21.433,19.15,14.484,3.0398,10.291,20.3,14.096,10.107,8.845,5.8446,6.2676,5.8152,9.8547,18.205,13.964,21.113,6.681,12.268,2.9394,21.276,23.064,10.566
10.718,11.475,10.213,11.296,7.2972,9.9853,15.472,5.9579,14.588,10.168,10.1,9.4324,8.9565,13.041,10.043,7.314,8.0602,6.4209,11.768,12.564,10.623,16.256,14.903,16.65,6.5521,7.8725,3.9462,15.309,10.622,10.418
12.071,15.116,76.564,25.183,9.4429,32.925,18.784,19.598,22.061,18.017,22.853,11.796,12.532,30.82,12.14,28.645,56.778,15.426,18.397,22.52,12.678,20.139,25.222,84.884,11.083,33.354,5.0299,22.893,16.292,12.848
16.451,19.752,64.051,29.328,12.929,24.203,21.56,17.608,21.626,17.974,20.215,22.139,14.291,36.476,20.726,79.489,21.891,15.379,28.098,26.675,38.818,38.753,36.303,54.885,13.434,30.748,6.2164,18.043,17.406,15.286
13.828,14.197,29.556,17.432,10.201,14.966,21.026,11.269,14.871,11.153,19.008,37.24,8.221,9.4448,12.748,19.023,12.166,7.915,8.3535,17.555,23.887,19.405,21.018,18.696,10.945,10.365,6.8873,10.267,17.356,9.897
24.482,11.472,38.24,12.737,7.0444,13.779,12.075,9.0931,14.237,19.093,15.055,30.199,8.5505,16.262,16.14,10.851,7.0521,10.721,13.137,13.179,19.417,18.929,21.516,40.209,5.6341,15.662,6.4122,9.2692,11.461,11.943
6.3698,13.782,19.681,16.869,9.3571,13.372,17.255,8.2086,19.322,12.733,12.941,30.227,11.746,9.279,13.232,9.7003,6.7363,5.6885,6.1162,7.7091,13.738,9.5405,10.871,15.09,6.7508,9.8245,4.5489,16.956,7.619,16.038
34.394,13.919,26.559,54.873,7.7075,27.416,16.577,12.571,19.379,14.339,40.305,13.871,9.7749,13.146,24.729,12.582,13.438,9.7485,16.925,14.939,14.439,17.824,15.631,28.617,9.128,14.572,2.9624,17.69,17.914,10.378
9.2194,16.791,34.945,32.863,9.4864,19.926,13.748,10.55,19.667,14.976,45.477,8.2805,9.3121,12.328,13.335,10.852,18.355,8.568,11.714,11.772,11.524,12.129,14.274,28.84,10.21,10.976,3.0153,12.639,11.764,12.428
16.126,20.539,35.063,56.219,37.983,23.446,37.152,27.872,28.554,21.026,39.767,16.087,11.106,29.965,23.515,15.043,22.485,25.815,40.11,19.077,25.31,39.596,46.772,41.382,11.579,22.266,4.6119,21.293,20.006,10.255
18.496,16.24,23.462,20.532,17.822,22.187,21.553,9.6352,12.693,14.553,29.548,4.8451,11.213,15.06,23.823,19.744,12.919,12.678,17.029,15.698,13.118,12.054,29.713,14.821,9.7751,11.545,5.9403,16.957,15.185,12.323
9.1567,16.409,23.785,14.646,11.824,28.169,21.422,17.698,15.826,12.116,22.066,8.208,11.289,15.759,31.483,18.406,9.1493,8.6372,12.831,12.542,12.082,17.426,29.012,21.438,7.9215,10.049,5.493,16.285,10.594,10.964
9.1568,12.104,16.783,10.199,7.7729,13.392,8.3632,7.996,12.593,14.561,18.194,8.5516,9.4128,10.568,15.499,27.799,7.3488,7.8068,10.423,7.6971,11.106,16.766,9.9812,29.581,4.9236,5.875,4.4198,10.514,13.061,9.4965
7.8191,9.0016,14.704,9.9537,14.183,9.6235,9.4143,8.1516,12.562,10.686,12.782,20.254,8.5846,8.8439,9.8878,6.6214,6.6867,5.1377,8.0872,3.9139,15.521,7.9216,13.35,8.7738,8.3257,9.3978,3.8626,6.625,5.744,8.8205
20.737,10.971,38.347,12.414,10.729,13.626,10.698,7.0033,13.434,11.827,15.079,34.477,9.9797,13.783,11.006,12.407,7.1915,10.893,9.0913,9.0538,11.971,17.478,16.087,44.132,7.6537,8.7222,6.5746,9.9913,28.11,4.9512
8.8454,12.997,20.191,10.41,12.54,10.188,13.961,7.1133,15.979,13.172,15.229,8.758,8.1672,14.685,17.503,6.2692,7.876,8.7788,11.035,10.428,22.09,15.659,18.18,21.357,4.5556,9.2043,3.5154,10.653,15.798,6.8889
15.814,16.994,16.52,17.782,60.396,16.181,23.709,15.443,21.891,19.764,15.337,35.055,13.664,62.139,30.733,17.035,19.867,34.327,34.896,38.599,34.335,30.924,49.374,26.975,8.3424,25.447,8.3556,10.335,25.225,11.63
22.197,20.59,25.879,13.668,65.674,16.583,19.062,47.753,20.234,30.519,38.965,27.442,14.451,66.176,47.852,14.334,20.342,46.439,55.055,56.795,60.294,76.826,44.152,33.112,7.119,56.769,3.4412,14.764,36.75,9.5205
5.5215,8.4722,11.163,6.2384,43.523,12.163,6.2986,16.184,9.3431,20.662,14.586,9.6832,7.6828,31.398,20.421,9.4822,6.2849,31.295,19.512,20.676,29.038,14.697,25.33,12.724,5.0566,14.061,3.0775,6.8198,20.281,10.891
4.0933,7.5402,6.5533,7.3247,15.547,7.8282,5.6497,6.6599,9.5872,12.449,15.189,13.055,4.3272,11.469,24.688,4.9036,3.2574,9.5645,6.6171,3.7157,8.1879,10.736,8.7259,13.943,5.5421,3.5522,2.188,9.6119,13.817,2.7266
6.7392,10.009,10.33,9.5565,9.5439,10.996,9.2458,8.2598,10.73,11.309,17.807,7.2775,4.2977,11.408,23.708,7.8373,5.1693,7.1333,9.4975,6.1851,15.798,10.039,15.633,16.136,6.8049,7.0263,7.1778,10.576,8.8475,3.4848
7.394,7.8709,15.414,12.8,8.3872,28.62,15.882,11.889,13.501,12.177,19.186,10.298,17.274,26.495,12.204,27.526,13.442,16.535,10.531,8.3537,15.029,11.756,17.257,14.327,9.2976,6.561,6.375,10.021,9.4885,7.497
10.669,15.652,23.417,14.65,24.206,23.319,13.589,14.541,15.704,18.074,13.981,9.8423,7.4451,35.725,37.569,8.2094,20.215,18.692,35.939,15.155,21.91,42.811,42.929,29.756,8.7477,28.576,4.0985,11.139,20.983,8.1131
8.5657,12.851,14.243,17.335,21.128,19.177,24.199,25.735,12.611,15.891,11.244,36.955,9.2614,28.337,24.152,8.2682,9.1622,11.441,15.038,18.548,18.48,25.695,23.683,17.169,7.5599,15.453,1.6765,10.744,16.76,8.4132
9.64,10.666,11.741,10.882,14.841,12.976,19.106,8.9196,14.761,11.028,11.163,13.722,9.209,21.321,26.426,8.407,7.7959,13.284,13.638,16.098,19.899,18.562,33.152,14.204,6.7604,21.348,5.1103,8.6878,9.0171,10.924
13.15,10.433,12.113,11.21,6.9091,30.441,18.98,6.6806,13.331,13.504,7.4819,4.793,9.8455,7.2706,7.8949,17.342,7.4431,6.6715,9.4601,9.3994,11.82,12.249,15.205,14.723,7.8609,4.7537,3.5603,14.916,9.2386,9.7976
10.097,14.112,41.392,8.6582,11.099,31.137,11.121,11.856,21.808,20.435,11.869,8.4439,9.6716,14.64,32.424,9.7076,7.0909,15.127,15.264,11.692,20.299,22.388,17.503,52.653,9.1246,11.434,4.7121,16.08,19.442,14.993
17.692,11.955,14.013,13.6,25.169,13.82,20.608,13.854,12.831,16.143,16.907,6.9248,10.757,26.963,14,7.9488,10.896,12.797,19.467,10.236,14.527,17.857,15.926,25.047,8.7758,9.9676,6.5407,13.112,14.667,7.4817
19.921,17.835,22.702,41.1,51.69,15.03,12.461,14.702,16.55,14.959,14.395,12.735,11.57,69.247,23.741,11.622,11.949,19.931,31.597,33.573,13.413,26.385,47.148,26.022,10.434,34.114,7.4044,16.132,15.046,12.286
17.174,19.298,19.583,27.112,61.085,22.225,16.516,28.31,20.783,16.004,25.967,37.345,12.37,36.154,35.212,9.0207,13.226,30.573,44.165,47.57,33.861,41.799,25.203,22.783,8.5333,35,6.985,16.852,32.395,16.685
9.7014,12.162,12.756,15.047,27.918,30.996,19.475,19.159,24.704,21.095,14.628,17.653,15.438,19.979,45.679,12.515,7.8521,30.057,23.411,20.902,37.518,26.978,9.7219,27.409,10.997,17.397,15.235,18.354,45.529,10.76
7.6347,16.392,12.91,69.843,14.46,16.858,15.226,14.198,22.9,15.693,60.191,11.905,11.073,10.746,16.529,10.355,6.2206,11.408,8.8491,11.251,33.858,16.465,12.107,19.344,7.5015,13.746,5.3603,16.511,13.661,11.988
6.5968,15.346,14.583,18.788,7.9832,14.272,20.794,8.5839,14.204,15.122,24.049,7.6432,9.3511,12.763,13.206,10.713,6.2216,7.8957,7.014,6.633,12.911,14.304,6.814,9.3127,7.4345,4.1942,3.6944,12.911,14.216,8.7952
8.9441,11.152,6.8387,8.6127,6.8382,11.416,5.1055,7.112,14.423,11.62,8.4319,15.578,6.7791,8.8016,16.93,6.1564,4.9,5.0113,9.5754,7.4402,14.744,13.134,7.7961,11.48,5.861,2.4895,4.0827,10.847,13.628,5.8643
8.1614,10.148,7.3458,14.205,9.3658,11.347,9.4423,4.1773,13.444,8.6479,10.241,5.8578,7.9593,6.6384,9.1917,7.2861,6.1402,5.8987,5.3571,5.5196,8.9264,10.165,23.852,9.1882,6.2853,4.9206,5.763,9.6681,7.5429,8.3476
8.7694,13.507,10.489,18.213,15.43,8.7141,19.66,46.666,12.487,11.339,10.532,36.478,9.1921,16.728,36.46,8.4898,8.4444,14.411,20.7,16.686,27.327,17.113,17.753,12.875,7.5685,12.704,7.9926,14.05,20.954,8.0714
6.8307,9.2319,10.364,9.1079,8.041,10.625,23.944,9.4641,12.661,14.536,12.684,7.0538,9.7989,9.4941,9.4073,6.4793,5.1791,7.1382,10.712,7.1902,13.669,9.3247,14.186,15.404,8.3012,7.361,3.7652,17.345,10.184,12.073
12.315,18.99,24.735,23.396,23.704,18.886,39.286,19.404,22.883,20.9,15.413,15.462,15.778,31.391,13.229,8.1395,14.089,21.592,26.745,22.332,23.798,41.849,34.534,23.993,10.44,23.345,5.5111,18.101,14.971,17
45.548,18.156,17.393,18.887,16.43,16.757,13.244,27.267,19.185,23.013,8.6133,16.947,10.831,9.8163,23.913,11.642,8.3628,11.564,10.051,20.286,24.857,26.278,26.048,16.345,8.5343,21.99,3.125,14.202,28.891,11.006
9.9042,11.891,10.88,12.712,9.6498,12.578,9.833,9.5817,16.207,29.011,7.9179,12.431,6.7401,8.8647,15.818,12.181,5.8863,10.061,7.6948,9.5552,12.03,22.399,15.772,18.23,7.7433,7.233,4.5634,11.059,19.989,5.9464
6.1684,11.672,9.6527,10.123,11.518,12.072,9.2182,16.09,10.137,14.786,6.8488,10.085,8.8018,10.306,21.952,3.6413,4.6398,6.959,6.663,4.0962,12.575,14.803,7.3841,17.386,5.3492,5.5594,4.4662,11.835,8.3646,7.5899
7.0039,14.135,19.845,10.324,24.288,19.971,9.6156,14.235,23.349,19.705,12.073,11.74,10.86,20.406,14.083,13.611,50.403,18.06,15.99,9.6081,9.4217,18.405,16.573,20.746,13.303,11.193,5.7985,16.379,12.538,11.963
7.5593,11.375,13.661,15.192,14.514,18.323,19.032,9.3127,20.757,11.149,13.036,9.3616,14.169,21.18,15.148,8.9825,19.027,31.259,10.836,18.418,11.692,21.342,15.25,18.048,8.4836,12.327,3.8088,13.381,10.459,8.4201
4.6682,10.286,9.3264,11.094,7.1365,29.651,8.5723,6.5784,13.54,14.113,11.055,8.4018,10.301,11.783,22.092,6.9351,6.0801,7.3658,13.8,6.0554,19.959,14.712,14.5,16.137,9.3886,5.9951,5.0909,8.0043,12.126,7.5964
5.47,9.6254,7.8973,9.6082,18.614,17.471,12.027,6.4837,15.848,11.093,5.951,15.83,8.6875,12.938,9.1797,10.323,8.9823,9.5676,4.1784,20.685,12.488,8.3723,12.405,10.158,5.2462,4.6049,2.8881,10.285,5.0292,6.5988
6.2724,13.676,8.9632,13.528,6.2323,11.229,19.178,9.5863,18.245,13.804,14.106,10.216,12.532,18.323,12.624,4.5598,5.3509,7.6279,8.4419,5.2387,11.053,14.585,11.488,13.389,5.5088,3.4327,5.25,13.443,10.551,8.6628
11.976,20.307,30.779,14.633,26.507,15.691,16.662,14.279,19.418,13.083,24.006,13.832,13.477,37.702,20.514,12.189,15.006,21.652,12.57,42.495,25.379,19.819,14.243,58.879,8.7281,16.433,7.3776,14.754,17.46,11.179
6.4727,12.005,10.276,10.7,11.022,14.584,10.235,17.615,13.601,10.114,8.6721,10.902,8.4314,15.373,14.41,4.2982,10.488,10.052,11.184,10.631,16.892,14.236,12.845,14.026,6.9967,10.347,3.3435,14.12,14.289,7.0342
9.0397,22.365,14.524,10.179,16.666,12.523,18.753,18.391,18.72,13.856,14.47,16.783,10.318,13.977,43.055,12.623,5.0623,9.8949,17.541,12.219,47.205,32.07,19.848,21.652,13.323,9.7914,4.3955,13.712,23.121,11.331
8.5401,12.625,40.63,14.304,12.624,13.098,24.333,11.602,20.82,10.571,8.2514,17.587,10.559,13.101,29.539,9.5811,10.4,8.3012,12.268,12.432,39.653,24.792,7.1073,29.898,10.541,8.7707,4.0075,13.29,14.41,7.5896
5.3233,12.214,14.548,11.752,11.973,10.14,16.95,9.3377,10.157,7.572,10.004,11.635,7.2507,13.902,14.13,7.3363,8.3303,7.6884,10.191,10.062,9.2156,13.574,12.415,12.651,6.2611,5.5169,4.9173,9.9494,10.029,4.7326
5.6667,10.861,9.6142,9.5931,11.471,14.922,10.287,5.8469,9.4304,9.2987,8.1448,8.2534,5.2869,8.4567,21.448,10.847,5.003,8.0205,4.2394,5.1037,9.9586,10.055,9.092,13.217,6.2035,5.1561,4.6963,6.431,6.4477,8.9244
14.997,15.675,20.232,14.613,6.7993,41.362,19.099,10.772,12.733,12.633,14.227,17.062,7.5081,10.499,22.228,8.8053,7.4415,10.84,6.5654,9.4482,9.6786,8.4945,9.5202,11.587,6.1983,7.4634,11.952,16.072,8.9545,6.9209
82.488,14.092,13.541,21.485,10.89,17.884,13.458,8.5566,14.778,10.021,16.846,12.303,11.881,8.9851,14.332,13.89,14.166,13.124,12.023,14.018,13.343,17.201,14.914,14.106,8.3382,15.222,24.221,20.226,14.305,12
29.882,16.95,9.9749,13.306,10.073,49.402,17.068,8.0645,13.811,13.737,11.275,8.5022,10.593,7.5259,26.707,17.136,14.005,6.9401,11.594,9.3942,15.255,16.305,14.213,15.122,9.7248,11.417,5.7293,12.981,11.206,10.479
12.856,15.312,15.183,31.685,11.546,16.374,13.67,8.2206,13.778,9.0684,12.236,10.388,10.912,10.343,14.389,6.9879,13.05,6.5502,6.4611,7.6715,5.6,8.6266,17.381,6.6516,8.4695,6.148,4.2815,13.146,7.8712,7.2901
10.21,12.998,18.376,21.417,13.815,16.764,15.386,7.4078,14.504,12.841,28.558,3.9427,12.856,10.349,16.776,9.2537,23.563,10.111,10.404,8.181,11.821,10.114,16.034,15.038,7.5428,7.5945,2.9706,12.379,10.34,10.882
13.579,18.233,40.759,12.466,17.486,14.164,16.218,24.31,12.542,38.064,11.273,11.839,8.5815,29.352,22.628,12.161,32.018,19.679,19.853,25.732,17.258,39.897,29.135,22.678,13.268,29.063,2.8947,9.2795,13.744,8.4497
8.532,8.6504,14.69,10.773,18.334,12.095,9.0367,9.7222,8.3376,10.411,9.9466,10.363,9.9972,33.803,23.958,9.0621,6.7827,26.44,16.213,32.605,19.929,18.579,19.413,19.023,7.3591,11.723,4.5704,10.094,12.741,7.2781
5.5575,8.1381,15.13,8.4459,5.7358,11.858,9.7311,9.5742,5.7085,7.2167,8.4004,15.721,7.7033,9.1098,8.2578,6.1538,7.2802,6.0468,7.2629,6.7492,29.692,10.783,5.3642,10.595,6.1009,5.553,4.2721,5.9702,10.327,5.6034
11.061,12.125,13.446,9.5202,12.06,16.504,10.074,10.896,11.766,8.7894,9.5857,47.109,8.1951,13.068,13.516,15.149,6.0264,10.33,8.8837,15.863,41.74,14.908,7.678,13.65,4.9676,13.877,6.8958,8.6496,27.411,5.8713
3.9861,8.4482,11.522,22.205,8.1758,6.4571,8.3508,11.964,5.8468,5.9492,8.3753,21.233,6.2448,8.6032,11.65,4.2029,6.4619,6.8846,5.7294,5.14,23.359,12.3,6.9026,11.975,4.6475,7.2403,5.803,4.6935,3.3287,3.7535
12.955,18.086,20.627,111.17,9.8687,15.081,14.43,8.694,17.864,14.011,13.702,9.4356,9.804,12.95,19.215,11.66,6.7469,9.3323,12.891,9.1795,18.199,8.332,11.452,13.898,7.8379,14.313,3.1185,12.293,14.134,8.1212
17.786,11.549,16.537,22.795,6.1453,9.5904,22.617,7.1169,12.205,9.684,14.002,6.2178,9.9699,8.2269,10.849,8.6358,9.7402,5.2344,19.263,11.413,7.2949,11.33,10.225,9.7405,7.4454,5.9037,7.0373,12.62,8.2317,10.556
8.9991,15.676,42.429,9.6247,8.8259,15.622,18.932,9.8431,29.172,34.572,15.778,9.7123,13.037,13.237,8.4552,12.692,20.836,8.3394,22.767,10.297,9.8014,16.124,16.731,42.228,10.161,9.5399,6.031,14.464,8.3419,11.479
34.747,15.634,17.116,9.5254,9.5631,9.8827,11.701,12.158,10.075,8.2857,11.887,9.0861,10.824,18.893,12.345,8.8613,12.089,7.287,14.689,9.5542,14.164,16.77,36.619,16.59,6.241,21.084,4.7481,8.7945,8.6306,4.8659
10.646,17.954,50.773,11.529,15.23,19.572,13.52,13.27,27.506,16.647,11.891,11.776,13.259,19.464,18.294,17.011,15.353,16.615,13.213,19.307,18.236,23.845,44.788,51.539,8.9731,18.812,4.1429,21.185,17.513,12.349
7.3101,9.9125,21.066,13.229,13.037,13.018,6.4677,16.239,9.0276,8.3189,8.938,6.257,7.9222,20.85,13.724,12.108,7.197,9.3246,9.3208,15.863,11.818,11.985,26.837,15.532,6.9167,11.069,1.669,6.5771,25.497,8.8084
6.4843,9.1773,32.923,8.5877,16.249,9.7592,6.0765,9.0984,6.8667,6.5858,8.5177,5.3839,5.1207,7.7857,13.156,10.54,4.2857,7.7171,7.0482,6.5316,12.877,21.19,14.464,28.103,6.9504,11.553,8.8092,5.7784,28.142,5.1679
6.7728,10.081,12.203,9.2124,5.1575,8.3558,10.85,6.4815,5.0152,8.5094,7.2316,4.4907,6.3017,7.8612,7.1481,11.548,6.4185,5.8339,8.31,14.219,8.993,4.8443,10.077,9.1592,7.0213,5.375,1.4318,10.484,10.312,9.0491
7.0557,13.44,75.578,13.883,7.4676,19.516,26.139,6.3069,13.191,10.938,10.551,11.292,8.9006,14.266,8.1328,10.636,11.12,12.268,11.464,17.571,10.353,13.011,16.658,63.391,10.835,11.445,4.1591,12.432,6.4359,16.269
6.0657,9.7323,48.38,9.6263,7.7509,14.997,10.547,5.7195,7.0318,8.6574,8.3349,6.4764,5.4735,15.442,8.1231,8.651,17.731,9.4096,8.9563,10.675,7.0685,10.481,13.551,14.817,7.5562,8.9486,1.9922,6.3056,8.6601,9.3789
4.1716,5.8284,10.169,8.414,11.139,9.3365,5.5483,5.0099,7.3463,7.2661,4.4442,1.0238,7.6879,6.7227,4.4312,7.5072,5.142,5.6837,8.3029,4.0523,4.7905,6.1969,16.586,12.562,4.3645,4.3041,4.0538,4.2857,3.9167,2.681
5.2785,7.1909,11.308,9.0276,6.878,7.9614,12.091,4.1705,9.8359,12.104,8.7867,4.5234,5.952,13.824,6.4007,8.0706,7.4746,10.353,7.3019,5.8262,7.5705,12.352,7.9387,9.2053,4.7365,5.6955,2.9254,7.1283,14.562,5.4588
5.4194,10.312,18.138,21.252,6.6318,9.2715,14.631,6.6307,11.594,10.146,8.7851,4.9159,4.9802,6.7138,27.178,8.227,4.1104,4.8776,6.3491,8.0485,12.324,15.087,8.4753,16.119,5.1548,7.7955,3.2482,9.8,7.3797,6.4251
7.456,4.8251,8.2565,6.7905,4.1762,5.0483,6.2611,6.3784,4.4527,3.8163,7.339,15.239,5.6151,3.9908,5.8,4.229,4.5303,3.7089,4.6562,3.8043,3.9237,6.3862,10.256,5.6448,4.2009,5.7172,1.8538,2.7866,4.7209,2.1769
6.4868,6.484,4.6938,5.8272,10.067,6.1081,5.374,8.943,3.4492,6.5074,8.4804,7.7438,6.3199,23.148,5.5748,3.1195,4.7828,6.3451,16.067,15.488,4.5414,9.4187,21.479,7.5596,3.4386,9.3613,3.8106,1.4024,8.5289,3.0222
5.7724,6.0956,10.362,7.4364,4.7682,6.1698,6.7004,8.073,7.4469,4.2792,10.991,5.9764,6.8735,6.6364,6.3086,4.7645,22.914,6.7138,3.3081,5.6589,7.8138,6.5282,21.808,2.7679,4.4641,6.3932,3.2727,3.6226,9.5133,5.5506
26.143,7.3159,11.048,12.408,11.83,9.2701,6.0968,12.128,9.0241,11.62,8.3508,9.2,10.594,17.261,8.8224,8.7524,10.968,12.267,11.063,11.78,8.0839,17.051,30.319,12.34,6.289,16.783,5.096,6.5888,13.552,3.8138
22.52,7.8846,7.715,6.3779,2.5245,5.0597,10.702,8.4907,6.0545,7.0148,6.1119,7.5678,6.6326,4.1632,6.1992,5.0748,6.1708,4.2492,3.1503,4.3908,7.1032,8.1255,18.752,8.6902,3.2687,4.2591,2.3167,5.1393,8.5329,5.3972
20.252,7.4288,41.371,9.7844,6.4343,8.1789,8.1133,17.506,8.385,7.9976,7.0024,5.0245,6.4574,6.878,16.321,8.0745,20.275,9.9051,5.6396,9.2694,9.2857,9.16,15.32,15.82,4.5932,13.337,2.52,7.2057,7.0329,7.8966
8.5133,5.7349,35.588,9.9452,5.3456,10.561,8.8731,10.547,10.505,5.4627,8.6723,6.5097,4.5503,12.089,8.1306,7.0541,27.41,8.8013,11.829,7.0909,6.4148,11.558,13.583,37.494,5.2483,9.2915,3.5865,4.7308,11.781,5.5175
5.8139,6.327,9.4366,14.192,11.384,9.0732,6.6317,10.07,4.9489,5.3377,9.771,7.6517,3.6217,13.805,12.156,4.8744,10.853,17.129,15.408,7.1964,7.3277,26.803,30.69,14.903,3.2622,17.929,2.379,3.5091,8.2652,5.1176
27.449,13.628,7.4167,13.499,9.0036,11.283,13.162,11.914,49.047,13.754,37.543,7.1422,7.3208,5.4679,8.0467,3.6842,3.4361,8.5816,6.6193,10.31,9.7259,11.438,12.739,10.008,8.1214,6.7772,3.8413,17.097,8.4527,12.545
11.326,14.154,10.917,8.4236,9.3688,13.038,14.683,5.7744,28.654,13.724,7.6948,7.2238,5.819,8.034,5.8992,6.1442,7.1951,5.4955,10.574,7.1199,8.0775,5.4567,7.8721,8.7008,7.1304,3.2407,1.4309,15.344,7.1355,7.3151
5.5053,5,10.456,7.0206,3.3212,6.3252,6.4076,3.4077,6.1499,8.2632,2.9738,5.01,4.9711,5.4635,6.3375,6.7836,7.5377,2.0261,3.6205,4.1471,7.4729,4.7886,6.9755,10.842,5.1149,2.3865,3.8205,4.1275,6.7682,3.7986
6.3457,4.8122,12.72,8.6008,3.7798,6.0338,5.3469,3.3689,5.6859,5.8228,5.3059,3.3831,4.6845,4.6278,4.4008,5.5223,6.6159,2.3528,5.005,3.0227,4.8397,6.7724,8.6766,10.614,5.4562,3.5266,5.6,4.4381,5.4323,4.3521
7.3589,7.8353,10.412,11.3,6.0474,17.691,5.8233,8.1498,10.995,8.5728,5.7911,8.2705,6.8758,13.054,5.0586,7.8094,4.97,4.0031,7.5784,4.6412,4.6619,12.66,7.3918,5.6038,8.2969,7.7136,0.54032,3.0642,5.2774,3.5793
9.0305,8.8104,17.069,24.649,4.0669,10.122,8.3699,21.018,8.8219,9.7196,38.858,3.8585,5.9451,11.824,10.295,3.7848,6.2054,3.5424,3.3024,8.325,13.482,10.328,9.538,5.9845,5.4056,10.963,3.2879,5.9587,15.726,6.8264
4.8939,4.3996,6.9067,7.8533,5.1051,4.1715,4.139,7.5861,3.3711,6.471,5.2792,5.7085,3.1119,4.5146,7.2205,2.5991,2.9538,3.3426,5.2119,4.8663,3.5403,11.835,9.5758,5.9227,5.6016,3.5714,2.3387,4.2143,5.5038,2.9661
6.5198,10.402,5.6383,6.7397,4.6452,7.541,8.2549,5.3082,6.5677,5.0612,4.6739,6.9286,6.1509,6.6477,9.9035,3.9607,5.8295,3.6,5.399,5.9202,5.0588,11.185,9.5031,5.8025,3.1683,6.2784,2.9603,6.6066,3.6351,4.6224
4.7512,7.7231,9.2394,5.3396,4.1484,7.991,8.9959,4.2036,7.0307,8.4776,4.4819,4.7488,7.1988,5.2407,4.3269,3.3123,5.4199,2.5505,5.6667,3.2555,3.5315,6.3294,9.8547,7.1825,5.709,3.6,5,7.7285,3.4841,5.5034
13.764,7.188,5.0972,7.3611,5.326,5.0701,4.8396,5.0976,9.9945,5.0052,15.678,9.2637,3.0971,8.2984,5.7137,4.918,4.4577,3.8997,4.772,7.1516,6.5312,10.87,8.4606,6.8842,2.6892,3.678,1.0776,6.0437,4.54,5.9856
5.1035,8.0691,8.6728,8.6108,4.6426,7.2413,6.2389,3.8933,7.9709,6.964,9.9975,4.4826,5.0443,3.9969,5.38,3.7397,2.7356,5.2739,5.2261,4.5,3.9466,9.3,8.5471,7.6318,3.882,3.1549,3.8333,8.0143,3.1847,2.8099
12.942,10.196,14.336,25.453,5.9965,10.222,18.427,6.4049,13.902,19.047,50.973,5.6476,9.548,10.739,12.502,6.4594,7.2485,6.2636,6.8835,9.0975,10.838,10.976,12.36,10.496,7.0245,7.0605,6.512,14.412,9.2038,10.986
9.2745,11.388,8.6483,10.271,7.1228,11.358,13.085,7.465,17.202,12.249,13.222,6.1043,6.7678,9.0767,7.0579,6.1835,4.5723,9.1067,7.2174,7.1875,11.007,8.0273,11.89,6.3074,4.7253,4.3953,8.3308,14.25,4.707,9.7222
3.9902,10.852,7.1509,6.601,21.256,5.2977,10.574,2.6163,7.5576,6.3533,5.2303,7.5833,5.6992,6.4593,6.5326,2.3565,14.073,6.0977,4.9079,9.2924,14.608,6.765,11.79,8.1111,3.7149,3.6667,2.1935,5.6982,12.482,4.9483
9.481,7.2799,10.411,12.215,9.0357,7.7259,20.914,4.3627,11.571,6.5395,7.408,3.3944,5.2572,12.215,7.9738,6.5822,9.0161,5.0372,6.985,14.034,9.7554,8.4748,16.454,12.77,8.3025,4.2732,3.2619,9.7395,3.8824,11.188
7.2706,8.743,11.076,12.405,6.5124,7.6407,14.998,3.8042,7.3436,6.6753,6.2291,6,8.1875,11.41,8.6767,5.3639,6.3363,9.1813,6.0049,9.9717,9.4236,9.0787,8.1243,8.8911,4.8735,6.4387,29.033,6.3318,10.475,4.125
3.2991,6.092,7.7707,7,2.2774,6.7383,9.7368,2.6621,9.3342,4.2995,3.7279,6.9505,5.8262,7.1966,11.837,2.352,2.4,2.7476,3.6154,5.2403,7.7923,5.1382,4.6786,6.1008,2.3098,2.1739,10.761,7.2488,8.4706,8.8015
6.1732,6.9125,7.6021,9.3522,7.852,8.0272,16.12,9.5364,6.6675,6.81,5.4177,3.4559,6.5243,18.248,7.5375,6.7987,3.6495,4.4516,9.3116,4.3663,9.1667,17.28,8.6074,9.0347,5.5882,4.5096,7.6417,6.5625,7.7736,8.5324
7.5509,9.0446,8.8381,11.174,10.982,7.8303,14.496,6.8157,7.2778,7.2115,5.3429,7.067,5.1506,10.163,9.8213,6.7333,5.5833,8.6563,27.696,10.538,10.514,15.32,14.402,15.425,10.232,8.3571,16.718,8.7023,15.256,8.5944
10.143,12.398,85.878,8.0977,5.5491,24.073,25.692,13.773,29.546,12.457,10.734,11.683,8.9355,14.996,34.466,12.336,11.533,13.476,17.138,16.693,13.596,30.717,29.182,222.75,10.085,12.292,6.053,16.684,19.591,10.92
7.688,11.941,34.674,9.6212,5.7244,17.438,10.889,9.4545,19.729,59.761,7.6433,7.2524,14.475,15.041,14.758,7.9062,7.6911,13.256,11.721,8.6168,9.472,14.554,18.8,80.279,12.931,11.123,7.0806,15.083,10.728,16.796
9.7121,12.123,20.476,17.789,8.637,20.498,12.189,6.481,13.76,12.474,7.2076,5.3662,11.932,10.015,9.4264,7.7095,6.6179,7.9863,11.061,15.103,7.1727,15.504,15.953,45.033,7.4317,9.3716,13.496,15.369,18.867,9.8175
12.852,12.946,30.265,13.936,9.1479,45.544,20.955,7.69,18.5,13.114,7.3747,11.45,10.186,11.218,19.551,10.924,5.3758,8.6839,15.784,7.1274,10.097,14.405,16.52,56.637,9.8916,7.5981,2.1138,24.236,6.7716,12.254
7.0698,7.8397,42.904,8.7763,8.7306,15.668,13.614,6.8,12.408,11.106,6.0381,10.621,6.301,11.993,12.826,10.649,9.8746,16.889,10.232,17.06,7.9084,13.782,16.16,42.969,5.5152,8.2271,3.3103,10.217,10.513,9.8815
6.1242,6.7449,26.208,11.537,7.6678,25.536,8.3214,8.991,13.421,10.501,6.8535,10.415,9.859,9.7257,11.781,12.401,9.9497,19.633,13,22.495,10.768,12.693,16.435,41.836,8.0573,12.335,4.0413,11.005,9.358,7.1286
10.837,13.593,48.122,49.699,20.01,19.858,13.414,12.548,13.374,12.942,17.39,11.721,8.7045,13.203,10.635,12.441,14.94,12.33,16.936,20.676,7.9236,19.229,20.064,20.821,6.0032,14.478,3.808,11.684,10.661,8.5035
41.842,12.682,37.828,26.391,8.5363,18.109,9.374,14.869,14.75,13.417,19.939,13.127,6.914,13.668,17.208,18.142,11.91,13.89,18.122,16.436,9.774,20.561,31.387,51.55,9.1306,15.401,4.9248,13.005,17.836,10.614
4.4921,13.696,17.231,8.0617,26.186,9.2586,5.664,6.6996,7.8086,8.6307,4.9034,9.922,6.0437,16.78,9.3623,4.6126,10.734,7.7723,5.5484,5.6127,9.9542,5.602,11.54,23.748,4.1983,9.7255,6.4355,9.9419,9.9007,8.3393
6.7308,9.9916,28.024,10.092,6.9255,10.057,10.711,6.2983,7.0152,4.9576,6.6639,5.6459,4.8822,7.2625,7.5435,6.8027,7.6584,9.1927,3.6935,8.6988,13.514,8.7553,9.4356,18.709,6.268,7.648,4.832,6.0657,4.6813,4.75
8.9466,11.964,32.252,49.337,5.5505,14.181,8.5328,11.093,14.863,8.8844,43.628,8.1298,10.51,14.702,12.945,10.518,9.8964,9.6985,12.314,11.984,7.1081,15.547,12.611,21.344,6.0317,14.592,6.1157,7.8813,9.2303,7.078
5.4623,9.4863,23.059,12.143,7.6738,9.1413,8.324,6.0332,9.2812,5.8042,7.2673,5.5423,7.0034,8.8944,6.7529,8.0721,5.2091,10.89,11.183,7.3377,6.6929,14.087,11.56,16.3,3.11,6.1857,2.1186,4.0853,7.323,5.8409
8.4319,10.265,26.818,12.091,5.6035,7.6291,13.244,5.1021,8.1546,9.5698,6.7765,7.5637,8.0065,8.814,9.406,7.5513,5.9059,4.6728,6.7264,4.7853,5.1197,7.9331,10.294,19.87,6.2437,6.2037,9.0083,8.1179,6.3354,6.2721
12.573,10.863,32.937,13.141,11.965,21.065,19.739,8.3243,13.838,11.87,3.3037,9.1893,6.9614,10.21,11.098,11.268,7.7878,8.4392,9.5833,7.1258,9.381,10.716,10.486,25.75,6.5141,6.7808,3.944,10.514,8.3195,6.1135
13.211,15.546,36.343,19.467,9.8166,19.127,36.471,8.4532,18.217,10.204,15.832,7.1106,14.603,13.468,9.203,11.91,9.6391,10.22,6.734,19.397,7.8725,15.891,17.408,22.412,10.905,7.8584,5.5758,16.205,10.307,15.887
7.1296,7.27,11.761,10.998,6.5932,8.5601,22.556,24.078,7.882,7.7346,7.2473,4.9707,8.1914,6.9154,6.3653,5.1161,6.9104,4.453,11.404,9.517,12.664,12.49,17.552,11.632,5.2278,5.1169,3.7903,7.8352,4.5461,8.3596
10.057,10.128,30.514,16.31,4.7845,11.042,9.5525,11.769,11.964,7.2103,24.998,5.9043,5.9868,6.3569,7.2708,7.2123,9.6426,8.6579,5.5641,6.0798,7.6181,8.8644,10.593,11.344,5.2378,5.7411,2.881,6.9859,9.4465,5.4
20.041,17.412,33.069,83.783,15.871,19.911,13.363,18.153,21.937,16.711,85.908,15.039,11.026,17.042,22.607,13.606,12.452,14.113,19.465,15.541,16.799,21.247,17.029,24.922,13.273,14.514,7.3525,14.511,21.753,12.394
30.707,10.456,24.969,20.074,10.143,9.2183,28.032,11.085,10.512,7.5187,12.901,6.7178,8.1757,10.989,14.824,5.033,10.875,11.313,11.417,9.5552,15.58,15.925,14.657,15.462,4.9132,7.2928,2.7179,13.861,19.149,9.6136
7.7166,6.855,13.215,12.422,10.44,9.3709,10.644,9.5916,7.9819,7.1918,6.6008,10.966,6.2796,16.769,19.922,6.7019,9.6726,15.8,23.851,16.258,30.14,36.766,22.45,16.595,4.1041,27.315,7.95,6.6761,14.727,6.3529
6.8693,8.2103,11.449,7.9389,18.171,7.3283,5.8427,5.497,7.8475,5.7761,7.1133,8.1498,5.4032,10.449,9.4384,7.1571,11.624,30.964,14.19,30.353,10.203,13.467,12.595,10.325,4.1604,9.5973,4.96,6.509,9.8166,4.4336
5.6432,9.1683,9.8719,8.3151,6.7222,7.1336,8.371,6.7147,6.8308,5.6448,6.2574,5.5481,5.7161,5.3493,9.0037,2.9647,5.8596,6.3894,3.5833,12.775,6.1007,7.0117,7.4713,4.6142,4.0601,4.7059,5.0303,6.9682,4.6687,2.9357
2.6476,4.1104,10.334,6.3371,4.5598,7.1891,5.8605,4.623,5.3374,4.0885,3.7933,5.0483,2.9294,6.3781,4.6507,2.0586,3.5143,4.7753,6.5769,2.3164,2.3897,8.8333,6.8028,4.9187,2.3403,1.3082,2.5968,2.0511,5.0563,1.2174
4.1791,7.7704,13.539,9.1862,12.456,7.0523,8.4873,4.522,5.4899,8.4089,8.0858,6.0481,5.5116,6.9219,4.6643,4.0782,7.1877,8.777,8.2194,10.099,5.0839,9.6266,13.822,8,3.8306,5.7389,2.8926,5.2336,6.25,4.1812
6.1347,9.2153,15.169,6.3282,6.5839,8.2132,25.867,6.9033,11.714,6.3795,4.2803,4.0288,5.5495,6.3299,5.573,4.7564,10.602,5.9555,6.6108,9.7987,4.2517,6.2558,12.841,10.117,5.3836,3.3973,3.4298,11.25,5.3892,8.9718
4.1313,3.2119,9.274,7.3494,13.62,3.9633,6.6445,4.4604,4.045,4.1465,3.2176,6.2714,5.7559,5.9894,7.5364,4.1414,4.1687,3.4475,6.2161,6.2175,7.2183,8.8118,16.711,8.6692,2.2021,4.4364,2.0678,1.9289,4.275,3.1866
6.7639,7.365,10.321,11.056,27.17,7.5973,7.6276,11.559,11.212,6.3638,6.9742,11.275,6.6403,27.372,12.541,6.8371,10.864,28.762,29.635,30.21,11.133,11,18.898,11.177,5.1835,8.8356,3.843,4.0939,15.213,4.3066
7.1306,7.7633,11.689,9.5254,17.326,14.886,6.6384,10.655,10.526,7.7408,6.004,9.6117,8.7443,32.431,14.072,7.6006,11.372,32.936,13.483,25.5,11.242,11.259,20.809,11.787,3.6139,5.8959,9.648,6.4795,16.988,6.8944
4.3041,7.0096,8.8413,5.3691,5.1333,5.9325,9.9798,3.8593,6.3283,3.9385,3.8099,5.8894,4.3494,8.0412,5.7692,3.1656,3.5777,5.5592,4.3725,5.4824,5.3758,7.6965,8.8571,5.9101,2.8829,3.4844,6.0226,4.4727,5.259,7.3239
2.7751,6.425,7.3031,6.1669,9.3385,7.0543,26.668,6.5943,9.3976,8.3333,3.8089,4.3107,5.1063,8.7811,2.3736,2.3604,5.8942,2.1447,6.6452,3.2784,2.4964,5.8284,12.27,6.512,4.9706,5.7702,2.9113,12.167,3.4406,4.6607
4.4393,5.8325,7.0914,7.5987,4.1964,3.5292,8.4644,1.3559,8.2345,4.8625,5.1623,5.3476,5.7953,12.115,4.9571,2.7363,4.6378,5.5238,5.5206,5.4297,4.3423,6.8117,6.9589,3.232,3.8758,10.587,6.4758,5.3411,2.1875,7.5878
5.5019,6.9175,7.2794,4.9709,5.0036,5.9213,10.308,3.1295,10.083,5.945,6.8616,5.6209,6.059,5.4939,7.2996,2.9103,4.8309,4.5566,2.9653,6.7781,5.8553,6.607,9.716,5.1498,3.3822,3.3822,3.1393,5.2248,4.1131,4.3852
2.8116,3.6357,6.1,5.7222,3.4363,3.4739,3.9735,4.419,3.7273,4.0495,2.8063,3.3922,6.2708,3.4057,3.4023,5.4655,8.4387,2.7355,3.2887,4.4484,2.604,3.9435,5.2403,4.4981,1.354,5.242,2.3675,3.0098,3.7812,5.8819
3.4024,3.8259,5.1934,4.3755,3.1977,5.1805,6.4715,1.6677,2.224,2.393,3.6172,5.6863,3.1918,4.5079,3.3838,4.1888,4.9591,2.3625,2.1523,2.3323,2.4968,2.796,8.8782,6.7072,3.2705,2.0091,3.7917,3.5143,2.9455,4.3178
2.7045,6.371,8.233,5.3262,2.9888,4.8961,9.5418,3.7883,8.5474,5.162,6.0483,3.9417,5.4533,5.3642,5.5201,4.2699,7.7621,1.483,3.4646,4.4823,4.4684,6.056,6.8228,6.3257,5.3132,2.6895,2.8049,6.7477,3.9458,6.7424
8.2859,13.947,57.432,12.355,6.0654,9.1149,33.871,16.323,8.3095,8.1436,8.3621,8.09,9.6021,11.599,6.123,10.515,13.183,7.5646,10.816,12.461,7.9007,5.945,9.8431,9.455,7.75,9.0837,2.1504,15.011,5.6757,14.922
7.1686,20.017,11.11,10.831,10.058,7.8226,9.4535,11.959,13.719,7.7031,8.5695,10.836,6.0397,12.714,11.923,5.5592,8.199,5.4903,15.664,8.1445,7.6667,9.9751,14.824,13.104,3.7971,3.34,8.2397,11.329,4.5435,7.581
5.6712,9.0857,9.4367,10.257,9.7326,7.8542,8.7152,9.5541,10.696,9.4728,9.7017,17.114,4.5789,35.435,9.9831,5.8821,9.8964,25.699,16.479,17.651,8.6149,11.48,15.89,6.4777,3.3469,10.887,4.5645,7.3024,9.1667,4.7143
3.1261,7.4884,8.1669,6.9416,4.2015,6.8528,8.2976,2.5361,5.728,5.7904,4.8138,6.7095,4.901,6.8889,3.75,4.8059,5.3828,6.2776,4.1127,5.3123,3.8103,5.1542,5.7081,3.9757,2.5631,4.1245,0.56198,4.8884,5.4286,4.8261
2.388,4.0157,6.3479,53.268,3.2045,4.3555,5.4263,3.8379,4.663,5.4356,6.0291,2.8873,8.493,5.0738,6.451,3.6277,8.8106,2.8505,5.0206,2.6125,5.8303,6.2082,4.1053,6.7273,3.9807,3.0978,3.322,3.8293,4.6149,2.3984
4.001,5.925,6.8947,11.125,4.9091,4.5877,4.0022,4.8459,5.4744,5.0685,12.132,4.335,7.5661,10.028,6.619,7.7558,4.5575,2.8663,4.3854,5.6426,3.2281,3.7738,1.8291,6.8462,2.2226,3.9914,6.8417,3.1132,4.6868,3.1119
9.4967,9.9457,28.889,10.794,8.9928,5.7354,8.25,12.616,7.6905,6.7755,10.138,15.684,9,29.613,10.061,11.803,17.161,24.027,32.139,37.706,14.809,9.892,11.963,13.47,5.3016,12.246,3.1129,7.1116,10.595,2.5
5.176,9.7561,8.7946,5.8252,8.6498,8.1672,21.801,5.03,9.9499,7.161,6.1349,9.0849,9.1716,7.2939,7.1371,5.1498,3.6108,6.0585,9.5833,16.148,4.3146,6.008,8.8758,6.9959,7.9574,6.7639,6.3864,12.477,11.033,10.007
2.6951,4.2657,5.5584,7.049,3.8163,2.7421,6.3529,3.1521,3.896,3.7865,3.9129,7.7725,6.9134,5.8624,5.3148,1.8443,5.2358,2.4319,1.9172,2.8201,4.9189,4.724,8.3101,4.0152,2.8097,1.7605,5.582,3.0235,5.4424,4.1698
3.9765,8.208,8.8991,11.402,3.3127,5.9429,10.911,3.6409,10.562,5.5529,6.6462,17.042,7.8616,7.0423,5.6869,5.4128,6.9503,4.5661,5.5765,4.0722,9.4802,8.0176,8.5733,7.7207,3.5808,4.5981,3.9677,12.925,10.277,5.8769
4.2383,10.814,8.8213,11.299,4.8681,20.743,20.511,6.2721,10.311,7.6875,4.5804,7.2689,6.9933,6.3058,9.3199,67.004,6.1131,5.3195,8.3415,5.2456,8.8659,8.4177,7.5975,6.7208,10.997,9.1106,3.4463,9.7075,10.027,11.544
3.7356,7.049,8.8956,8.9946,2.5308,17.42,8.7875,9.0909,10.44,9.6359,5.1826,5.226,6.7544,5.4675,4.8958,15.392,5.2515,4.4141,7.803,7.1518,5.1932,5.4836,8.9869,6.7295,7.1661,4.4615,2.5,9.1415,2.5056,6.024
5.0456,10.36,10.366,10.206,4.2612,65.655,17.787,3.6647,12.814,8.5069,10.11,6.3636,12.467,10.187,7.2568,10.352,5.6106,7.7,11.892,9.2462,5.6271,6.2088,26.763,9.0769,10.688,6.1783,2.6134,12.749,9.1774,11.189
5.913,17.932,23.473,14.671,7.5971,18.329,31.527,4.494,13.357,10.146,7.2035,2.5972,9.2133,9.6789,6.2318,9.9088,8.7889,6.3086,6.7895,4.9053,6.8444,7.1492,15.106,5.8333,12.117,6.346,4.1545,18.479,9.0919,7.8864
5.6914,10.464,13.376,10.653,6.9526,12.935,13.119,5.6108,7.7467,9.6508,6.2354,7.6619,5.8098,8.1636,7.6113,6.355,7.6283,3.9644,6.6553,5.9112,10.899,9.0201,13.34,9.5287,4.1968,5.6907,11.883,9.3084,7.5683,6.8015
4.2951,8.2683,11.818,7.1858,3.9174,17.341,10.56,4.126,6.5933,6,6.242,8.6872,4.7638,4.9775,8.2606,6.5493,6.8364,1.2796,8.1203,2.8032,5.5,10.854,7.8016,5.6735,7.0783,8.5706,3.123,5.4615,6.7378,5.1143
8.8712,12.83,31.117,25.38,5.6,15.894,11.282,6.709,14.108,6.6359,20.056,4.8028,4.8616,14.045,8.7559,19.161,10.572,5.9933,10.279,6.4101,10.708,9.2115,15.347,12.422,8.0736,8.891,4.0323,10.211,9.2825,6.5878
23.424,11.199,43.827,29.303,21.164,16.126,11.356,30.059,10.406,12.768,16.969,22.292,7.9369,29.694,31.747,17.568,22.101,20.909,33.421,40.347,29.126,16.769,21.076,20.59,6.0927,38.414,6.0413,15.752,43.191,7.2059
7.3977,5.2213,22,10.568,6.8821,9.6,6.5839,15.802,6.3906,7.7919,7.0045,8.9366,4.6877,13.215,9.8451,6.6926,15.293,5.5963,8.803,26.28,14.046,7.6833,11.088,10.889,6.7703,5.6376,4.7627,3.7427,17.773,5.9516
6.099,13.406,21.853,8.7608,9.3283,11.656,48.976,8.4573,11.511,10.076,7.2176,10.258,11.526,10.302,9.0997,8.8497,17.667,7.5631,8.3842,6.1593,10.434,11.128,15.019,9.4496,9.1883,5.1202,3.6833,16.724,8.2514,17.802
7.3425,12.242,13.356,11.146,8.5709,8.157,23.745,6.6636,15.905,8.3624,5.9107,5.5311,11.606,8.982,4.961,7.2092,11.068,7.0177,7.4135,7.1,10.154,9.3089,10.244,11.865,4.4808,7.7489,3.64,10.747,7.2781,7.3778
5.0352,7.5441,11.067,16.818,10.779,8.0115,10.427,7.9851,12.997,9.4237,8.8249,11.611,8.7204,7.8632,8.0879,5.4677,7.9732,9.0567,8.0585,10.325,6.4649,11.04,11.621,9.2582,5.9806,4.8983,3.0075,8.2465,6.6178,11.066
4.6638,11.782,11.546,17.726,6.4906,12.919,26.768,5.2137,12.294,8.393,15.28,8.4567,9.4109,7.9688,11.873,4.654,64.632,7.2952,5.8662,3.3862,9.8594,7.2723,14.449,7.9691,10.132,7.2025,5.84,11.609,12.165,10.858
15.233,8.0036,12.861,38.769,5.5874,10.614,7.4917,10.485,13.131,9.2667,11.3,11.094,8.5348,7.507,11.007,3.5763,8.2966,4.8399,7.6524,6.2996,4.95,7.9234,6.4388,6.905,8.2023,9.4577,1.8293,7.9296,5.1429,9.1496
5.2147,8.0267,34.432,9.5917,13.351,11.762,5.6172,5.9011,11.755,5.5585,7.1944,8.7475,6.8129,5.0652,13.365,7.7787,13.317,9.8796,8.0579,10.637,10.451,27.635,9.5276,23.883,5.5485,4.3786,1.7724,6.5377,8.6477,8.5118
9.4448,7.5533,17.847,17.219,11.255,15.505,5.8948,17.879,15.088,10.925,10.736,19.848,9.5894,12.14,61.678,6.5329,9.1886,6.0262,13.807,12.059,40.672,23.054,11.477,21.776,7.637,10.558,5.5455,8.2812,47.242,13.211
13.304,10.007,18.887,17.153,36.025,15.127,13.889,16.472,13.756,11.291,6.9653,14.787,8.951,59.171,31.186,25.862,18.632,32.463,33.729,47.721,39.77,29.514,27.384,25.879,10.135,21.416,2.3306,9.0267,33.021,10.564
3.6381,5.9718,11.949,8.1839,4.5498,4.8851,4.2234,6.1164,2.3967,4.6596,4.3785,8.6743,5.708,7.0673,6.0095,6.9177,13.74,5.6284,10.879,10.747,5.6299,4.9933,4.581,7.1,0.89349,4.4925,1.5333,2.1493,5.2077,1.2979
2.0789,6.0794,10.179,7.7268,8.4756,5.4258,12.319,3.5354,4.5212,3.9708,5.1758,9.0162,6.3815,5.2344,5.1617,6.6335,3.7581,4.5885,3.9358,2.5939,2.1627,5.825,8.1939,6.1675,7.3627,6.5493,3.6349,4.0331,6,5.4123
5.7369,14.336,7.0121,6.6865,7.7964,10.742,25.804,9.3039,17.347,10.881,5.5808,9.2466,27.563,7.7061,6.7006,3.0456,11.497,7.2007,7.1297,9.9062,4.0423,8.7657,13.895,7.9437,12.315,6.7178,3.3415,20.141,4.1368,14.621
5.486,34.896,14.8,14.161,13.366,54.651,56.065,6.755,24.228,15.373,13.147,11.293,19.665,13.858,11.29,9.5993,9.6272,8,8.9812,12.519,12.148,13.039,10.994,13.108,14.135,8.7632,7.881,31.139,18.377,23.882
5.3856,19.721,15.834,23.633,8.6367,13.446,18.994,6.9972,12.076,11.774,13.38,12.93,8.6192,16.106,10.568,8.6073,6.0699,10.263,10.526,11.278,14.689,16.94,12.703,9.5238,10.268,7,11.887,18.104,12.084,10.743
6.7097,38.018,15.225,17.193,18.933,14.673,64.655,13.241,25.869,19.336,11.281,15.152,16.553,30.91,13.209,7.6644,10.035,12.046,16.984,12.253,19.978,17.386,20.255,14.496,7.9731,6.3406,3.1092,35.904,16.213,19.215
6.3084,35.029,9.0479,14.049,10.315,17.59,60.03,8.6,45.847,16.68,10.005,11.71,20.018,24.311,9.5256,8.2808,8.3084,9.5741,33.005,10.743,14.436,15.527,20.894,14.22,12.109,12.034,3.5667,28.729,6.6685,25.23
5.1842,18.647,10.25,12.606,8.2618,17.211,23.788,8.3916,72.927,21.22,9.4185,8.9815,13.213,11.67,7.5828,5.8758,5.9756,4.3243,8.1515,5.4353,4.2,13.274,6.2552,11.549,8.6824,4.3391,2.4032,25.855,5.8486,14.575
6.3663,15.926,11.418,19.824,11.877,11.553,55.165,6.0749,24.814,13.305,9.9006,12.85,14.934,17.879,11.046,7.5638,4.2385,7.9072,6.268,6.07,7.3187,8.0726,13,11.459,6.9829,6.9741,10.68,23.754,2.6432,14.078
5.2624,7.6315,6.1212,9.6603,7.1229,5.641,11.748,5.0875,5.8786,12.006,9.1092,10.711,3.0378,7.9949,5.2525,4.2576,2.6458,1.9853,9.6267,5.1135,8.1505,6.433,9.6441,5.8283,3.7014,3.5,4.2623,6.2687,5.5912,3.1837
4.8968,7.8424,8.8173,14.387,7,8.4597,11.321,3.89,7.0199,7.271,7.3311,6.2694,4.2007,14.212,8.0467,6.2867,10.067,4.8221,4.486,7.5627,5.6872,4.864,7.5649,7.1955,4.5936,8.0481,1.6585,11.128,4.0171,7.0744
6.1644,8.8593,12.71,11.31,6.8967,8.1633,6.4248,11.055,4.5028,5.2912,9.3395,10.241,5.4507,27.265,11.31,5.4898,5.8962,13.046,7.9482,30.138,11.989,6.8306,13.304,11.959,4.3288,6.6288,11.303,8.2319,14.853,6.0945
5.8745,10.763,10.118,35.372,22.506,9.5968,19.08,11.648,6.9315,9.2149,10.335,10.777,8.1934,45.023,13.913,7.7993,9.5639,16.836,20.031,33.011,15.184,8.3782,10.248,10.603,6.6491,9.5251,1.6949,10.468,10.682,6.5299
6.8732,16.949,13.694,12.653,27.122,8.892,31.796,9.2722,12.243,11.165,7.1174,14.175,12.261,24.785,13.817,8.7808,16.632,16.324,9.7812,49.537,12.613,9.6113,17.638,14.561,3.3111,10.834,3.459,13.303,7.5761,5.976
6.3726,20.668,12.623,15.784,17.112,9.5153,29.586,9.5589,12.724,11.512,7.0161,12.729,9.8799,24.562,10.839,9.7912,13.809,12.383,23.02,34.818,10.503,10.888,14.104,14.813,7.9524,8.8932,9.561,14.158,9.2903,30.161
5.0735,20.079,11.799,15.86,10.349,11.518,21.974,4.3174,46.719,14.456,7.2545,10.382,19.46,16.617,13.2,7.8261,10.429,8.9339,12.231,11.876,5.2826,12.558,14.791,19.592,6.9698,4.6186,4.3383,25.751,6.0376,14.359
2.6986,7.5892,6.9982,8.9931,5.5188,6.1756,21.335,3.5042,6.9904,7.4444,5.2793,6.2258,6.3193,7.7677,4.1711,2.7552,3.4894,6.4,4.4238,6.6952,4.4706,8.1399,8.8319,5.8384,6.4787,2.8323,7.0902,8.8868,3.5839,9.7938
5.0665,13.361,10.17,19.296,5.9088,16.27,26.623,5.3299,9.4589,6.8825,8.8831,7.6,15.869,9.0781,7.3688,10.075,7.5306,4.9754,5.4451,7.1357,6.2667,6.8282,8.1154,7.1403,9.878,5.3317,6.129,13.79,2.9371,13.893
5.9098,13.683,14.445,12.142,9.1355,15.337,59.593,5.2637,14.416,10.603,8.7275,16.184,15.004,9.5329,7.0586,6.0411,14.863,8.2638,6.3061,6.1261,5.1366,6.4049,11.694,6.8939,7.348,5.4935,5.8629,21.458,4.0645,15.15
4.7978,15.731,11.604,10.575,7.9346,13.028,31.818,5.5258,11.949,13.299,7.7576,7.6085,8.2336,15.79,6.6986,6.3275,6.4745,8.0502,22.139,7.1408,11.146,15.663,10.44,19.949,4.0304,8.913,2.916,13.91,7.0278,8.8707
5.1007,17.908,14.869,22.564,5.9737,11.682,19.966,5.5106,15.306,13.306,8.7062,7.2347,11.845,13.127,5.2326,7.5918,8.8323,4.6862,4.7576,7.2285,4.1209,10.809,8.8207,13.634,7.8905,5.4071,4.541,15.813,5.4839,15.039
7.5691,19.202,18.042,17.381,11.591,13.035,21.594,5.2025,17.316,12.669,16.524,13.204,10.912,17.404,10.344,8.0068,8.878,8.2079,11.653,8.494,8.4874,10.618,12.641,11.29,11.144,5.7909,5.4519,13.868,6.8385,12.711
7.2849,24.358,20.005,25.64,17.179,22.544,66.638,5.7301,19.563,13.38,35.934,11.261,17.102,24.177,8.0528,11.092,12.935,15.04,10.464,10.35,12.877,22.06,15.182,15.791,12.101,9.1448,2.9301,26.659,15.211,17.391
10.027,15.672,13.482,22.26,12.368,18.679,26.31,6.0559,13.93,11.584,15.851,11.522,25.492,17.907,11.307,13.695,9.9202,16.274,10.054,6.668,13.316,17.292,16.079,11.258,13.281,13.052,10.841,16.956,14.744,17.07
11.188,16.368,15.17,18.423,16.523,21.114,29.469,4.0731,20.31,11.223,12.936,22.082,16.309,16.844,13.136,11.942,5.9617,16.193,11.363,6.8714,14.836,6.614,21.864,10.098,13.586,6.6429,5.4191,15.156,19.321,13.203
16.138,19.623,17.702,22.543,13.954,23.595,41.245,7.4451,20.782,11.492,13.427,18.996,14.202,17.362,13.988,10.638,8.2031,12.986,8.6508,7.9968,15.479,14.919,15.596,15.356,12.502,6.9263,6.073,24.032,15.818,14.825
32.428,17.167,18.704,34.497,17.806,26.193,17.696,15.066,25.148,12.013,40.374,21.913,13.238,34.922,24.248,12.896,11.552,15.129,27.356,36.478,19.416,27.463,22.342,23.521,8.9575,16.748,7.3209,14.848,24.492,10.72
15.952,12.512,12.428,22.905,17.873,12.046,22.466,11.015,12.607,8.5144,12.103,17.198,6.9677,12.59,14.161,9.3719,16.15,13.403,16.436,9.3146,13.318,17.175,17.849,10.319,12.901,8.3245,4.4812,8.2367,23.139,5.8519
3.1166,7.1065,9.6429,14.612,9.0808,11.906,7.6354,3.141,4.6382,6.4744,5.8475,11.176,3.903,8.1131,4.5631,9.5749,9.1782,2.6484,6.3971,3.9598,5.8263,8.8732,6.129,2.4433,16.084,1.9116,3.0451,4.7168,4.3121,3.1284
10.814,17.28,13.224,20.124,5.3033,55.674,14.394,3.8558,17.218,15.044,18.64,20.09,10.667,10.786,22.18,11.047,5.6479,12.302,13.688,10.78,11.509,10.134,15.467,17.63,13.101,10.234,10.229,13.29,20.24,8.4929
15.692,13.269,13.718,24.094,10.473,31.734,12.344,8.2462,11.994,11.396,26.979,16.159,13.875,13.067,24.176,14.654,16.901,12.403,9.5325,16.207,22.146,17.097,17.225,15.603,17.756,10.994,9.9769,14.912,22.781,11.164
13.943,15.931,11.46,26.257,6.01,27.716,14.624,6.8867,14.096,15.33,21.071,9.383,10.301,12.637,10.021,9.5145,7.1887,5.9257,9.342,10.586,8.7294,9.9756,15.314,8.5502,12.448,3.3,3.5111,11.665,9.1634,9.5185
11.187,19.477,14.239,20.834,7.6744,52.851,26.019,7.8555,27.203,17.746,16.373,11.694,12.809,11.121,12.528,7.8797,7.3891,5.3422,9.4271,3.6828,8.8879,18.152,19.752,16.864,19.086,9.5404,11.533,22.347,12.925,18.137
9.9221,34.438,16.149,25.594,9.5351,52.364,44.642,10.225,38.76,25.548,17.509,9.0917,19.464,9.5922,11.3,13.873,13.49,8.6882,7.5729,6.1429,9.7315,12.445,11.102,18.316,15.176,6.5076,21.045,37.535,16.675,27.195
5.8104,14.536,12.404,17.658,6.7833,29.428,17.198,4.3,25.721,18.766,12.201,10.121,8.1703,9.987,8.6154,20.873,9.8057,7.6847,7.4654,11.553,7.9689,5.8053,14.541,16.395,14.523,2.7471,4.6947,14.458,8.1279,8.2655
